Date,Ticker,Open,High,Low,Close,Volume,Turnover
2025-09-01,WELCORP,620.99,622.37,603.17,608.09,1015845,617722563.02
2025-09-02,WELCORP,609.74,612.0,601.19,603.44,710714,428869859.95
2025-09-03,WELCORP,606.3,610.26,568.52,575.54,586232,337400490.5
2025-09-04,WELCORP,571.48,578.18,565.57,566.59,631703,357919406.79
2025-09-05,WELCORP,567.71,593.73,565.37,593.15,609678,361631215.79
2025-09-08,WELCORP,592.29,595.14,578.51,587.21,573042,336497616.79
2025-09-09,WELCORP,587.2,588.27,580.23,582.04,981428,571232342.02
2025-09-10,WELCORP,576.34,590.91,575.43,584.7,1213442,709494529.74
2025-09-11,WELCORP,587.27,592.21,579.84,587.46,685860,402918535.34
2025-09-12,WELCORP,590.57,592.19,574.84,583.06,587312,342440310.09
2025-09-15,WELCORP,585.65,593.86,582.11,589.64,536779,316506165.06
2025-09-16,WELCORP,588.73,590.29,576.67,581.2,730855,424776057.35
2025-09-17,WELCORP,580.01,585.49,575.64,579.81,962565,558104689.31
2025-09-18,WELCORP,582.72,584.41,576.53,579.52,1055674,611786498.41
2025-09-19,WELCORP,580.5,611.65,576.23,595.59,803878,478777895.69
2025-09-22,WELCORP,594.69,597.43,585.24,596.99,1166581,696442941.69
2025-09-23,WELCORP,592.53,596.27,588.21,591.73,538996,318939960.18
2025-09-24,WELCORP,590.25,594.57,582.06,583.59,1088079,634993921.18
2025-09-25,WELCORP,584.1,599.95,580.96,598.47,563985,337527849.63
2025-09-26,WELCORP,594.09,596.13,592.85,594.72,486084,289085995.93
2025-09-29,WELCORP,595.75,597.64,565.47,566.78,735930,417107739.83
2025-09-30,WELCORP,567.92,576.49,564.79,565.58,755587,427348194.58
2025-10-01,WELCORP,560.85,570.7,556.4,565.85,508703,287848563.43
2025-10-03,WELCORP,572.82,573.7,565.55,566.91,590312,334656205.6
2025-10-06,WELCORP,566.89,574.34,561.68,570.84,1056305,602976218.16
2025-10-07,WELCORP,568.24,585.92,561.87,579.42,959521,555965547.16
2025-10-08,WELCORP,579.64,581.93,566.48,570.7,621763,354839352.07
2025-10-09,WELCORP,569.26,579.28,568.95,572.18,968319,554051759.78
2025-10-10,WELCORP,569.56,581.03,568.83,578.16,584741,338074177.07
2025-10-13,WELCORP,577.23,580.99,564.85,570.47,1098318,626559496.74
2025-10-14,WELCORP,577.71,586.45,576.76,584.93,1158760,677797290.8
2025-10-15,WELCORP,587.22,593.96,581.02,588.14,1029358,605404023.4
2025-10-16,WELCORP,591.72,596.22,587.71,595.15,487780,290300624.32
2025-10-17,WELCORP,593.02,607.7,590.77,598.76,973448,582863992.0
2025-10-20,WELCORP,595.9,610.81,590.52,607.16,1044874,634403177.04
2025-10-23,WELCORP,608.41,622.24,599.18,618.17,551611,340990416.52
2025-10-24,WELCORP,615.79,620.12,602.27,603.42,957715,577907974.04
2025-10-27,WELCORP,607.81,609.1,590.9,604.05,628355,379556397.49
2025-10-28,WELCORP,607.0,607.2,593.41,594.06,614654,365141486.28
2025-10-29,WELCORP,596.18,598.44,591.8,592.15,1208935,715865970.18
2025-10-30,WELCORP,594.45,599.42,586.19,587.8,720295,423387272.94
2025-10-31,WELCORP,584.14,591.35,582.34,590.53,911565,538308730.35
2025-11-03,WELCORP,588.14,598.48,587.9,593.46,1040550,617524633.75
2025-11-04,WELCORP,596.59,612.18,592.11,605.5,1092378,661439312.62
2025-11-06,WELCORP,606.28,609.42,602.05,609.31,859773,523865428.0
2025-11-07,WELCORP,612.77,620.76,609.57,616.06,1153312,710504055.09
2025-11-10,WELCORP,611.43,612.24,599.63,603.77,507989,306707210.11
2025-11-11,WELCORP,598.13,632.86,590.41,629.41,503877,317143064.06
2025-11-12,WELCORP,628.35,636.2,619.15,619.79,643904,399085782.15
2025-11-13,WELCORP,620.46,620.69,608.95,612.14,889331,544393745.98
2025-11-14,WELCORP,614.68,627.73,612.5,627.65,724854,454955495.32
2025-11-17,WELCORP,630.33,634.32,620.11,620.68,499986,310329639.84
2025-11-18,WELCORP,625.83,627.51,610.99,612.55,669913,410355408.05
2025-11-19,WELCORP,613.79,638.89,609.28,632.51,1202320,760474698.12
2025-11-20,WELCORP,637.73,644.5,627.91,637.31,668015,425731059.19
2025-11-21,WELCORP,635.05,654.67,631.12,652.35,839113,547396119.78
2025-11-24,WELCORP,649.31,659.41,648.76,652.64,808646,527758351.25
2025-11-25,WELCORP,647.98,674.71,647.3,672.34,763885,513593126.4
2025-11-26,WELCORP,680.24,682.44,668.69,673.59,603943,406809648.81
2025-11-27,WELCORP,671.57,676.92,669.5,676.54,1191262,805938619.61
2025-11-28,WELCORP,680.87,684.22,642.93,653.98,893095,584063868.14
2025-12-01,WELCORP,655.9,657.38,649.46,652.71,534621,348954473.71
2025-12-02,WELCORP,651.2,666.94,649.35,663.63,1007280,668464783.48
2025-12-03,WELCORP,664.65,679.3,661.31,674.91,693934,468343358.0
2025-12-04,WELCORP,672.51,691.91,665.95,682.15,1067483,728186908.33
2025-12-05,WELCORP,681.46,690.62,675.47,689.42,1048183,722634722.88
2025-12-08,WELCORP,690.32,690.39,679.81,684.91,1105296,757023942.84
2025-12-09,WELCORP,683.84,695.66,683.13,693.86,1199103,832011196.39
2025-12-10,WELCORP,697.56,728.6,695.06,718.3,729167,523760884.03
2025-12-11,WELCORP,721.14,737.51,717.52,733.85,549746,403430353.39
2025-12-12,WELCORP,733.82,746.09,714.93,725.2,1151574,835122037.41
2025-12-15,WELCORP,724.04,726.43,711.78,715.0,947952,677790362.92
2025-12-16,WELCORP,715.73,718.93,705.04,710.0,542298,385031737.6
2025-12-17,WELCORP,705.0,709.06,690.88,692.06,1068037,739147571.72
2025-12-18,WELCORP,697.49,699.18,667.21,667.24,834947,557109478.69
2025-12-19,WELCORP,664.48,674.44,656.33,671.65,1207841,811245287.92
2025-12-22,WELCORP,668.81,670.65,652.31,654.71,1208635,791304726.42
2025-12-23,WELCORP,654.75,658.39,650.7,657.87,1213229,798151901.61
2025-12-24,WELCORP,659.21,687.72,649.4,685.35,955009,654514777.17
2025-12-26,WELCORP,685.98,708.86,681.54,696.66,690418,480985780.08
2025-12-29,WELCORP,691.94,700.98,681.92,695.24,539567,375127642.6
2025-12-30,WELCORP,701.76,707.1,696.84,700.07,998209,698817493.81
2025-12-31,WELCORP,705.24,713.96,704.49,709.98,1135222,805986124.73
2026-01-01,WELCORP,708.32,735.57,700.64,725.62,1213691,880680760.63
2026-01-02,WELCORP,726.63,744.12,721.39,729.8,687415,501677195.54
2026-01-05,WELCORP,729.97,733.09,726.34,730.46,821259,599892940.06
2026-01-06,WELCORP,732.41,738.62,704.25,713.05,751456,535822030.34
2026-01-07,WELCORP,710.38,726.79,709.72,717.88,873863,627329416.69
2026-01-08,WELCORP,722.02,727.95,719.69,720.65,785700,566215812.08
2026-01-09,WELCORP,725.58,735.23,721.6,729.6,583872,425992759.98
2026-01-12,WELCORP,734.87,740.08,706.68,707.45,743970,526323103.5
2026-01-13,WELCORP,707.71,736.62,699.9,727.15,1132426,823442699.13
2026-01-14,WELCORP,730.04,731.69,717.85,727.54,1221336,888568730.98
2026-01-15,WELCORP,727.21,734.8,697.29,701.05,538153,377269879.93
2026-01-16,WELCORP,702.76,706.96,686.11,687.71,838953,576956447.24
2026-01-19,WELCORP,689.44,692.37,671.77,676.06,614579,415491157.39
2026-01-20,WELCORP,675.41,675.72,647.11,659.15,1002488,660787485.93
2026-01-21,WELCORP,659.85,660.45,650.22,651.37,1089991,709990536.32
2026-01-22,WELCORP,653.26,656.12,636.94,643.26,846933,544797885.35
2026-01-23,WELCORP,647.66,656.18,624.98,626.23,508549,318468855.9
2026-01-27,WELCORP,623.14,636.47,618.31,636.33,882892,561809375.95
2026-01-28,WELCORP,633.29,643.54,632.26,635.37,684269,434765667.02
2026-01-29,WELCORP,635.22,640.61,630.43,633.74,728286,461546273.64
2026-01-30,WELCORP,636.54,653.54,629.0,653.5,546507,357140148.7
2026-02-02,WELCORP,656.81,684.35,648.5,681.95,577230,393640776.02
2026-02-03,WELCORP,677.23,682.25,661.48,671.75,749895,503738345.92
2026-02-04,WELCORP,672.17,674.56,670.89,672.62,596330,401101928.69
2026-02-05,WELCORP,670.98,674.16,660.68,665.28,611831,407037753.96
2026-02-06,WELCORP,667.56,669.64,635.41,635.84,1134802,721552214.46
2026-02-09,WELCORP,638.24,640.8,624.82,629.75,1183060,745028725.38
2026-02-10,WELCORP,634.85,658.29,630.98,653.41,622160,406527405.18
2026-02-11,WELCORP,647.52,655.95,644.71,644.96,567601,366079183.52
2026-02-12,WELCORP,647.53,653.43,626.43,627.78,844377,530081940.53
2026-02-13,WELCORP,627.93,632.25,619.01,620.92,528717,328288430.8
2026-02-16,WELCORP,623.28,628.79,610.89,614.68,930891,572203861.12
2026-02-17,WELCORP,612.23,615.06,586.87,587.83,1108441,651573499.17
2026-02-18,WELCORP,588.09,592.4,580.66,590.09,1116910,659082911.68
2026-02-19,WELCORP,588.88,596.47,586.84,594.15,604949,359432207.62
2026-02-20,WELCORP,597.23,611.05,595.5,600.44,1143637,686686141.57
2026-02-23,WELCORP,599.22,623.91,594.38,613.9,830428,509802770.87
2026-02-24,WELCORP,611.31,633.93,611.24,626.02,1160543,726517493.14
2026-02-25,WELCORP,619.09,637.06,615.28,635.86,569158,361905901.05
2026-02-26,WELCORP,637.67,642.73,635.63,638.26,1080790,689826482.76
2026-02-27,WELCORP,645.51,646.98,644.23,646.04,595435,384675899.92
2026-03-02,WELCORP,643.4,651.17,631.83,633.87,1143308,724705355.5
2026-03-04,WELCORP,632.25,647.61,627.3,646.21,1083261,700016412.78
2026-03-05,WELCORP,644.43,649.4,636.76,641.76,965277,619473833.06
2026-03-06,WELCORP,647.78,651.79,640.6,647.05,618045,399904062.58
2026-03-09,WELCORP,649.75,654.38,637.47,649.55,1196591,777247309.89
2026-03-10,WELCORP,645.9,666.13,645.23,653.34,494515,323088592.04
2026-03-11,WELCORP,655.27,676.0,652.95,674.83,596088,402255469.43
2026-03-12,WELCORP,679.37,707.13,676.59,698.23,1186832,828677194.12
2026-03-13,WELCORP,700.95,715.19,694.73,697.65,782314,545781980.49
2026-03-16,WELCORP,696.16,701.86,686.95,696.22,886883,617469844.45
2026-03-17,WELCORP,698.41,705.51,689.36,693.9,822523,570749377.42
2026-03-18,WELCORP,688.69,692.57,687.18,691.21,857394,592642376.86
2026-03-19,WELCORP,690.67,707.84,680.48,701.78,958565,672697200.09
2026-03-20,WELCORP,697.89,713.33,697.56,698.94,531513,371495743.19
2026-03-23,WELCORP,701.3,701.94,688.8,689.65,624913,430973824.74
2026-03-24,WELCORP,687.78,693.73,687.19,689.8,1066814,735887498.19
2026-03-25,WELCORP,680.63,719.36,673.87,707.59,903691,639444761.19
2026-03-27,WELCORP,706.28,714.23,699.41,703.79,967432,680872491.42
2026-03-30,WELCORP,703.55,706.28,695.45,699.77,978709,684873290.9
2026-03-31,WELCORP,695.82,712.4,693.1,709.42,974041,691006177.92
2026-04-01,WELCORP,708.61,713.22,700.2,705.51,1127389,795385950.83
2026-04-02,WELCORP,709.6,715.74,698.04,701.49,702331,492679553.99
2026-04-06,WELCORP,707.68,714.71,676.52,680.97,767724,522796320.91
2026-04-07,WELCORP,683.03,690.03,653.13,662.43,897954,594834883.02
2026-04-08,WELCORP,660.63,665.76,641.9,642.06,1085196,696756061.02
2026-04-09,WELCORP,641.87,643.45,629.63,638.37,959482,612501529.81
2026-04-10,WELCORP,637.03,643.6,631.21,631.72,686584,433729255.18
2026-04-13,WELCORP,628.63,636.53,620.07,634.45,973039,617347440.01
2026-04-15,WELCORP,636.12,644.37,621.69,629.6,983328,619106012.06
2026-04-16,WELCORP,625.57,628.7,609.12,609.24,606473,369490085.36
2026-04-17,WELCORP,609.85,616.85,603.1,605.92,774980,469572028.04
2026-04-20,WELCORP,601.82,606.52,591.3,596.33,908802,541946390.51
2026-04-21,WELCORP,595.42,619.62,594.57,619.15,643238,398259736.61
2026-04-22,WELCORP,619.53,632.21,612.76,613.23,733383,449731254.25
2026-04-23,WELCORP,613.97,614.86,608.2,609.83,855220,521540196.58
2026-04-24,WELCORP,615.36,618.84,600.72,603.44,1084864,654647387.32
2026-04-27,WELCORP,606.24,614.79,586.69,592.1,550030,325675347.59
2026-04-28,WELCORP,593.94,594.79,585.46,591.79,1140422,674884724.36
2026-04-29,WELCORP,593.62,607.14,588.57,600.96,1122477,674561631.62
2026-04-30,WELCORP,595.97,602.74,594.98,600.68,617272,370782855.23
2026-05-04,WELCORP,601.08,612.19,600.06,610.01,1214555,740890755.98
2026-05-05,WELCORP,612.09,612.23,609.92,610.06,721941,440430022.95
2026-05-06,WELCORP,611.59,616.69,589.04,595.12,1028459,612058081.33
2026-05-07,WELCORP,593.81,600.69,592.66,593.6,721678,428385037.84
2026-05-08,WELCORP,594.44,609.86,591.65,603.34,499268,301229612.36
2026-05-11,WELCORP,606.56,609.07,597.9,604.72,843421,510032543.36
2026-05-12,WELCORP,605.67,623.49,597.15,615.21,1038143,638680990.95
2026-05-13,WELCORP,614.35,620.96,606.56,611.05,704719,430621314.3
2026-05-14,WELCORP,607.37,612.57,587.05,590.27,1198614,707511042.0
2026-05-15,WELCORP,589.64,601.44,586.46,601.2,944320,567729797.15
2026-05-18,WELCORP,606.08,622.03,605.72,614.32,614214,377321409.37
2026-05-19,WELCORP,612.61,615.73,602.13,607.92,524536,318874264.02
2026-05-20,WELCORP,604.35,608.2,599.25,604.32,597114,360846286.86
2026-05-21,WELCORP,606.23,607.21,591.53,598.79,928852,556190795.96
2026-05-22,WELCORP,599.29,601.02,587.46,590.22,578691,341553764.88
2026-05-25,WELCORP,591.2,596.86,581.7,593.73,546558,324506267.87
2026-05-26,WELCORP,589.99,594.17,571.14,575.52,855511,492359546.68
2026-05-27,WELCORP,576.16,576.23,565.19,570.61,843959,481574391.7
2026-05-28,WELCORP,571.59,589.63,566.42,583.45,908294,529946895.49
2026-05-29,WELCORP,582.4,592.84,577.24,590.05,1123524,662937927.67
2026-06-01,WELCORP,592.16,597.22,588.1,594.83,994740,591703570.77
2026-06-02,WELCORP,596.76,610.92,596.06,610.11,734044,447845388.48
2026-06-03,WELCORP,611.62,613.66,601.09,603.02,864270,521174353.39
2026-06-04,WELCORP,603.16,612.17,599.56,605.58,959881,581284061.91
2026-06-05,WELCORP,606.23,623.69,604.28,622.36,889808,553782115.22
2026-06-08,WELCORP,623.23,626.26,620.86,621.79,558287,347138221.95
2026-06-09,WELCORP,623.06,625.18,621.04,624.25,1015920,634192006.56
2026-06-10,WELCORP,622.07,632.23,614.49,626.25,515393,322763531.83
2026-06-11,WELCORP,624.6,631.55,614.43,630.89,1062945,670597706.0
2026-06-12,WELCORP,636.82,644.2,614.09,625.09,604464,377842249.12
2026-06-15,WELCORP,628.17,638.56,621.59,632.88,687304,434984169.27
2026-06-16,WELCORP,632.57,650.26,627.16,640.8,781250,500623457.92
2026-06-17,WELCORP,640.14,655.37,636.71,651.67,504356,328672281.6
2026-06-18,WELCORP,656.37,656.8,631.81,637.51,1212391,772908963.67
2026-06-19,WELCORP,636.77,644.74,633.09,641.11,1119143,717496569.73
2026-06-22,WELCORP,645.37,650.06,641.71,649.04,1082689,702711099.01
2026-06-23,WELCORP,648.88,650.83,633.66,637.52,805967,513820109.6
2026-06-24,WELCORP,632.96,638.22,629.51,637.57,684080,436148354.41
2026-06-25,WELCORP,640.74,642.16,630.67,630.8,535571,337836256.26
2026-06-26,WELCORP,623.15,634.1,619.36,626.17,1005954,629893583.72
2026-06-29,WELCORP,627.66,630.98,624.8,630.86,560115,353354491.5
2026-06-30,WELCORP,627.21,638.92,622.8,631.32,903697,570525958.68
2026-07-01,WELCORP,631.44,632.8,621.44,621.87,540204,335937259.36
2026-07-02,WELCORP,621.0,629.93,608.02,611.16,1085748,663562262.28
2026-07-03,WELCORP,609.8,611.14,602.34,606.22,1014639,615091632.45
2026-07-06,WELCORP,604.26,610.75,602.35,607.35,1020390,619736798.68
2026-07-07,WELCORP,610.66,611.22,596.93,601.5,1098375,660676801.74
2026-07-08,WELCORP,599.43,633.13,598.48,624.45,542510,338772570.08
2026-07-09,WELCORP,622.8,625.88,607.82,613.36,857264,525810181.75
2026-07-10,WELCORP,614.7,633.11,614.11,632.92,631604,399756111.59
2026-07-13,WELCORP,633.59,639.12,627.15,627.71,1030274,646709595.23
2026-07-14,WELCORP,632.65,638.85,615.45,622.75,1227091,764169926.48
2026-07-15,WELCORP,628.98,629.51,597.11,605.74,1140783,691018280.29
2026-07-16,WELCORP,608.42,611.59,596.72,604.34,1170206,707205475.57
2026-07-17,WELCORP,600.55,617.35,596.82,610.62,580243,354309566.4
2026-07-20,WELCORP,611.42,619.26,608.13,616.54,1214810,748980439.7
2026-07-21,WELCORP,615.64,628.82,615.39,620.63,1138763,706748093.2
2026-07-22,WELCORP,611.79,635.53,603.27,629.75,604388,380610493.5
2026-07-23,WELCORP,629.47,638.59,623.2,634.49,726542,460984869.68
2026-07-24,WELCORP,635.59,635.83,627.25,629.66,659189,415063462.0
2026-07-27,WELCORP,630.46,631.77,600.43,606.42,668758,405545080.72
2026-07-28,WELCORP,608.99,625.02,607.29,623.28,508540,316963795.23
2026-07-29,WELCORP,627.09,639.44,626.64,633.28,1089589,690019283.93
2026-07-30,WELCORP,634.04,646.87,633.04,645.53,684652,441966792.6
2026-07-31,WELCORP,643.32,647.29,637.99,646.61,1186460,767181162.58
2026-08-03,WELCORP,640.15,652.8,638.38,648.05,824429,534268015.94
2026-08-04,WELCORP,657.57,662.15,622.04,624.06,503479,314199945.07
2026-08-05,WELCORP,620.81,640.13,615.58,637.01,1213689,773126207.99
2026-08-06,WELCORP,634.93,646.19,634.1,640.69,614684,393819417.92
2026-08-07,WELCORP,642.27,652.02,640.4,651.23,856492,557775381.3
2026-08-10,WELCORP,652.23,665.42,651.88,663.04,1184249,785206224.42
2026-08-11,WELCORP,666.98,680.22,660.88,676.77,778432,526816387.07
2026-08-12,WELCORP,677.77,683.22,666.56,667.91,1071996,715994379.25
2026-08-13,WELCORP,669.42,689.19,664.26,687.84,727935,500704707.44
2026-08-14,WELCORP,689.8,705.4,686.3,701.35,809954,568065265.78
2026-08-17,WELCORP,701.8,702.77,699.93,700.02,726086,508275953.73
2026-08-18,WELCORP,694.27,699.18,675.98,684.48,819860,561176240.04
2026-08-19,WELCORP,679.95,688.88,671.68,677.15,948913,642559585.31
2026-08-20,WELCORP,674.84,675.16,644.42,650.28,842897,548120200.82
2026-08-21,WELCORP,644.93,650.21,622.15,634.54,940159,596565240.82
2026-08-24,WELCORP,636.36,644.11,634.37,642.81,1181291,759346365.88
2026-08-25,WELCORP,641.91,650.6,634.1,634.6,696079,441732446.1
2026-08-26,WELCORP,632.64,656.08,630.63,646.2,941995,608716347.09
2026-08-27,WELCORP,649.24,654.34,634.06,635.21,617706,392370028.49
2026-08-28,WELCORP,636.96,646.36,623.52,624.63,561586,350784461.34
2026-08-31,WELCORP,626.01,626.11,604.54,607.22,1089833,661769333.36
2026-09-01,WELCORP,607.41,609.71,600.71,601.38,935404,562531933.16
2026-09-02,WELCORP,601.5,605.77,598.31,602.39,942484,567741606.21
2026-09-03,WELCORP,601.48,616.69,597.87,615.33,659809,406002680.94
2026-09-04,WELCORP,618.09,619.55,601.8,607.87,985227,598888788.65
2026-09-07,WELCORP,605.49,621.84,599.5,610.98,607781,371339243.21
2026-09-08,WELCORP,612.24,619.35,611.6,618.43,498692,308408180.01
2026-09-09,WELCORP,623.45,640.34,622.12,632.56,776197,490991778.97
2026-09-10,WELCORP,640.72,644.84,623.77,632.06,804375,508414581.6
2026-09-11,WELCORP,635.55,645.23,632.83,643.68,917856,590801618.35
2026-09-14,WELCORP,643.02,646.01,634.6,639.8,652091,417206531.44
2026-09-16,WELCORP,639.17,643.05,633.39,633.55,1085574,687770590.17
2026-09-17,WELCORP,628.63,638.41,624.43,636.73,883530,562568032.75
2026-09-18,WELCORP,632.8,636.32,614.08,623.8,1032905,644323835.05
2026-09-21,WELCORP,623.62,626.41,616.01,616.38,613289,378019491.38
2026-09-22,WELCORP,618.32,622.85,605.49,605.88,821128,497506838.88
2026-09-23,WELCORP,609.63,614.95,595.43,598.35,1181399,706884544.36
2026-09-24,WELCORP,594.14,594.48,589.37,593.07,1117065,662501833.2
2026-09-25,WELCORP,594.24,619.26,592.77,618.31,577330,356967597.4
2026-09-28,WELCORP,620.11,629.76,615.69,624.41,752947,470146671.44
2025-09-01,RPEL,451.59,454.66,445.29,451.07,374186,168782660.81
2025-09-02,RPEL,456.69,456.71,451.53,454.58,562375,255645556.22
2025-09-03,RPEL,455.64,457.24,447.58,451.8,522945,236264832.16
2025-09-04,RPEL,452.52,456.76,448.93,454.33,247698,112537295.17
2025-09-05,RPEL,453.53,457.29,440.31,444.98,556661,247703794.0
2025-09-08,RPEL,446.04,454.13,443.12,454.04,429111,194831434.49
2025-09-09,RPEL,455.24,464.44,448.85,449.08,270302,121387950.01
2025-09-10,RPEL,448.66,448.87,442.63,444.51,553281,245941689.34
2025-09-11,RPEL,443.08,453.32,429.44,430.45,256243,110299549.9
2025-09-12,RPEL,431.74,437.03,417.31,421.42,272253,114733014.74
2025-09-15,RPEL,421.29,423.19,415.16,416.53,261672,108995226.62
2025-09-16,RPEL,415.9,417.2,411.71,412.27,395673,163123297.29
2025-09-17,RPEL,414.15,415.8,393.87,401.21,366893,147201877.04
2025-09-18,RPEL,400.76,404.51,386.02,391.66,505527,197995529.03
2025-09-19,RPEL,393.15,398.26,392.61,398.17,385977,153684198.39
2025-09-22,RPEL,398.95,403.67,393.99,394.57,223940,88360653.48
2025-09-23,RPEL,394.51,400.7,381.43,387.83,511335,198310080.41
2025-09-24,RPEL,386.02,389.32,383.29,387.95,474385,184036593.34
2025-09-25,RPEL,387.08,389.79,365.4,372.18,490843,182681082.89
2025-09-26,RPEL,374.11,375.93,362.62,367.99,307700,113231668.56
2025-09-29,RPEL,369.69,373.86,364.13,367.7,528865,194465218.62
2025-09-30,RPEL,370.57,376.71,368.34,376.61,271612,102292578.23
2025-10-01,RPEL,379.86,380.55,377.24,377.52,249036,94014853.32
2025-10-03,RPEL,377.86,381.94,372.42,375.33,340517,127807833.89
2025-10-06,RPEL,377.51,381.6,376.19,380.23,253733,96477106.97
2025-10-07,RPEL,381.6,391.75,379.29,388.65,435469,169245091.59
2025-10-08,RPEL,387.67,388.55,377.38,380.2,487258,185254677.14
2025-10-09,RPEL,384.31,386.29,380.77,383.62,558167,214125356.88
2025-10-10,RPEL,387.07,396.33,385.24,393.98,446456,175895014.99
2025-10-13,RPEL,392.33,395.61,385.55,391.71,371494,145517058.22
2025-10-14,RPEL,392.0,397.64,390.96,396.11,287947,114057695.23
2025-10-15,RPEL,397.72,401.36,395.87,398.62,517211,206168180.91
2025-10-16,RPEL,396.99,408.88,396.55,404.94,471323,190859277.2
2025-10-17,RPEL,407.32,410.69,403.09,410.1,559790,229569533.42
2025-10-20,RPEL,409.92,412.59,407.84,409.73,293486,120250262.32
2025-10-23,RPEL,409.77,420.23,404.19,419.19,423619,177577333.23
2025-10-24,RPEL,419.36,425.43,403.18,405.2,521338,211244267.39
2025-10-27,RPEL,406.56,415.39,402.58,414.93,222977,92519264.18
2025-10-28,RPEL,413.0,425.79,411.61,421.45,290214,122309762.27
2025-10-29,RPEL,422.28,438.61,420.78,434.45,342479,148790661.21
2025-10-30,RPEL,437.61,442.69,433.11,436.97,271170,118494064.05
2025-10-31,RPEL,436.16,449.13,434.76,443.0,525784,232924855.03
2025-11-03,RPEL,446.23,452.23,427.23,429.81,220866,94930960.8
2025-11-04,RPEL,432.53,434.44,409.79,418.35,441568,184731248.55
2025-11-06,RPEL,416.91,425.89,410.62,419.64,428156,179671288.4
2025-11-07,RPEL,420.88,430.37,419.03,427.71,391817,167584347.47
2025-11-10,RPEL,426.32,439.95,424.0,436.64,398382,173951121.92
2025-11-11,RPEL,436.22,438.72,421.63,428.02,250351,107155268.54
2025-11-12,RPEL,425.1,432.72,423.14,432.06,365224,157799084.27
2025-11-13,RPEL,433.32,442.7,429.99,441.9,509763,225265723.96
2025-11-14,RPEL,437.62,456.32,436.4,451.79,344845,155797753.55
2025-11-17,RPEL,447.8,454.47,447.27,453.3,309297,140203656.47
2025-11-18,RPEL,452.86,463.45,451.4,462.09,496931,229626242.44
2025-11-19,RPEL,455.45,455.55,446.31,452.73,370612,167786266.01
2025-11-20,RPEL,454.49,461.73,450.5,460.43,266496,122701519.28
2025-11-21,RPEL,463.25,467.52,462.5,467.14,310129,144874504.66
2025-11-24,RPEL,466.63,473.66,463.18,470.5,481997,226780391.09
2025-11-25,RPEL,469.86,483.6,467.06,483.52,231362,111868082.68
2025-11-26,RPEL,480.79,491.63,476.84,484.79,530493,257178312.97
2025-11-27,RPEL,486.04,492.12,483.71,485.76,472128,229342579.35
2025-11-28,RPEL,487.14,492.34,467.24,476.44,555416,264624134.35
2025-12-01,RPEL,479.22,482.03,459.97,462.97,513497,237735219.24
2025-12-02,RPEL,469.14,472.94,468.57,471.82,464190,219015372.1
2025-12-03,RPEL,472.03,476.07,454.3,465.17,277001,128852992.25
2025-12-04,RPEL,469.85,476.5,457.97,461.79,408108,188459943.54
2025-12-05,RPEL,460.11,463.01,455.05,462.33,237697,109894848.85
2025-12-08,RPEL,463.72,466.35,455.6,457.47,333787,152697970.92
2025-12-09,RPEL,461.19,462.38,457.92,458.85,523500,240206612.87
2025-12-10,RPEL,460.02,461.19,456.12,456.24,486353,221892347.88
2025-12-11,RPEL,456.06,464.52,444.41,463.85,256178,118829333.67
2025-12-12,RPEL,465.03,477.85,462.91,472.9,552816,261424225.76
2025-12-15,RPEL,469.49,477.73,466.99,474.24,419214,198807224.3
2025-12-16,RPEL,475.51,487.73,474.78,484.76,403825,195758117.06
2025-12-17,RPEL,482.71,491.9,478.73,489.38,515763,252402656.21
2025-12-18,RPEL,490.56,492.7,485.42,487.43,528475,257594337.84
2025-12-19,RPEL,488.46,496.52,475.34,479.44,248577,119177636.6
2025-12-22,RPEL,480.02,483.48,480.0,481.48,364019,175266367.15
2025-12-23,RPEL,482.51,483.23,468.93,472.65,275778,130347506.96
2025-12-24,RPEL,472.02,480.1,471.18,473.31,527186,249522558.2
2025-12-26,RPEL,472.47,476.63,471.36,475.35,502601,238908877.97
2025-12-29,RPEL,476.18,492.39,468.73,491.19,503490,247311194.37
2025-12-30,RPEL,489.7,494.78,472.74,472.83,335512,158638948.94
2025-12-31,RPEL,470.84,480.01,469.29,477.85,339909,162425548.5
2026-01-01,RPEL,477.08,496.92,471.27,492.13,341440,168031744.02
2026-01-02,RPEL,495.14,495.29,491.07,491.61,263357,129468356.28
2026-01-05,RPEL,494.53,496.37,480.79,481.57,280146,134909303.18
2026-01-06,RPEL,482.83,484.8,475.49,478.47,441760,211367974.01
2026-01-07,RPEL,483.11,486.97,477.34,479.94,231216,110969598.05
2026-01-08,RPEL,476.78,492.04,474.23,489.21,449393,219847431.55
2026-01-09,RPEL,488.62,495.86,481.19,493.21,258082,127288591.28
2026-01-12,RPEL,487.59,488.14,474.26,478.47,351118,167999047.17
2026-01-13,RPEL,478.25,479.52,473.52,474.24,316459,150077897.25
2026-01-14,RPEL,476.02,476.77,469.71,470.91,497712,234375264.23
2026-01-15,RPEL,473.46,475.49,460.36,463.35,521142,241472740.15
2026-01-16,RPEL,461.86,469.95,461.52,466.56,303287,141500191.64
2026-01-19,RPEL,465.85,469.75,459.82,466.77,322399,150484753.6
2026-01-20,RPEL,464.75,477.59,461.41,475.96,424611,202098608.57
2026-01-21,RPEL,475.56,475.83,471.03,475.45,241731,114930448.74
2026-01-22,RPEL,478.21,479.82,475.76,478.8,506131,242336659.93
2026-01-23,RPEL,481.2,491.61,478.21,480.82,329205,158288080.25
2026-01-27,RPEL,479.97,497.46,479.09,493.96,372866,184181419.39
2026-01-28,RPEL,497.21,515.37,494.26,508.69,301747,153496239.45
2026-01-29,RPEL,508.77,509.81,490.64,500.26,444986,222607924.57
2026-01-30,RPEL,501.64,501.94,494.84,501.77,438729,220140123.83
2026-02-02,RPEL,501.31,503.07,492.36,501.22,235518,118045430.84
2026-02-03,RPEL,499.48,505.1,497.41,497.74,430675,214365909.64
2026-02-04,RPEL,496.08,496.89,490.1,490.13,222401,109005301.4
2026-02-05,RPEL,488.29,489.53,482.56,487.79,396793,193553127.84
2026-02-06,RPEL,487.35,494.56,486.6,491.5,432845,212742100.33
2026-02-09,RPEL,489.54,493.75,488.98,489.07,390190,190829338.23
2026-02-10,RPEL,487.47,492.84,478.72,485.95,361692,175762605.85
2026-02-11,RPEL,487.18,494.85,483.69,488.67,504233,246403961.23
2026-02-12,RPEL,487.17,493.11,485.83,490.34,352305,172747838.11
2026-02-13,RPEL,488.57,489.4,468.01,471.74,479158,226036212.45
2026-02-16,RPEL,471.34,481.14,466.98,476.46,344736,164253102.79
2026-02-17,RPEL,476.51,479.21,475.11,476.0,431294,205294302.52
2026-02-18,RPEL,477.51,479.87,474.67,479.65,268838,128947067.93
2026-02-19,RPEL,479.15,480.24,471.93,479.74,419078,201049656.78
2026-02-20,RPEL,481.5,484.8,458.44,463.21,511766,237053359.31
2026-02-23,RPEL,467.32,471.78,454.82,458.19,325533,149155654.9
2026-02-24,RPEL,461.47,463.42,454.58,456.36,515896,235436201.69
2026-02-25,RPEL,458.21,461.12,449.25,455.63,347931,158526233.94
2026-02-26,RPEL,457.4,472.7,451.98,468.99,277376,130087760.84
2026-02-27,RPEL,468.49,469.64,457.17,460.04,273094,125632864.54
2026-03-02,RPEL,459.66,466.02,455.2,460.81,244519,112677732.59
2026-03-04,RPEL,458.96,462.5,441.44,447.22,345659,154585249.9
2026-03-05,RPEL,446.19,462.97,442.09,462.8,229264,106103899.76
2026-03-06,RPEL,462.82,469.36,462.41,467.72,230444,107784028.38
2026-03-09,RPEL,466.88,473.61,457.55,458.85,530579,243457326.33
2026-03-10,RPEL,458.09,469.34,456.73,464.98,559563,260183161.83
2026-03-11,RPEL,461.52,463.47,445.08,452.46,272985,123515143.34
2026-03-12,RPEL,457.51,469.32,455.68,466.93,371852,173630110.96
2026-03-13,RPEL,464.89,469.59,455.2,458.37,553486,253700959.35
2026-03-16,RPEL,460.08,464.03,441.56,442.41,373096,165059698.74
2026-03-17,RPEL,447.57,448.61,437.95,441.12,416377,183674136.99
2026-03-18,RPEL,442.22,443.87,431.35,431.71,383974,165767172.6
2026-03-19,RPEL,432.23,433.15,414.27,420.21,520180,218586451.69
2026-03-20,RPEL,419.39,423.79,418.24,422.88,314985,133200641.59
2026-03-23,RPEL,420.4,422.31,419.09,422.27,517963,218719744.47
2026-03-24,RPEL,424.93,428.01,406.99,409.13,482826,197538758.28
2026-03-25,RPEL,404.18,420.16,403.31,411.23,518663,213289029.63
2026-03-27,RPEL,411.82,413.53,409.03,411.15,417811,171783491.46
2026-03-30,RPEL,410.73,420.56,407.43,420.11,396022,166371978.89
2026-03-31,RPEL,420.52,425.47,419.21,425.4,457245,194513802.06
2026-04-01,RPEL,427.75,434.45,425.19,433.03,343629,148802913.76
2026-04-02,RPEL,434.9,438.22,426.74,428.5,321495,137759014.48
2026-04-06,RPEL,430.03,434.27,427.99,432.81,485286,210036788.57
2026-04-07,RPEL,434.34,443.66,430.62,442.42,250352,110760456.21
2026-04-08,RPEL,442.37,448.17,430.54,436.24,242550,105810208.31
2026-04-09,RPEL,435.57,442.17,429.63,430.37,246297,105998213.23
2026-04-10,RPEL,430.37,442.62,430.09,441.98,244930,108254954.41
2026-04-13,RPEL,440.3,443.01,426.32,429.55,497220,213579639.3
2026-04-15,RPEL,431.05,432.01,426.52,428.69,384282,164739136.53
2026-04-16,RPEL,426.04,434.15,425.09,433.94,343318,148979238.41
2026-04-17,RPEL,434.67,434.69,424.18,427.61,374928,160323287.94
2026-04-20,RPEL,430.26,442.55,428.57,441.81,303300,134001423.26
2026-04-21,RPEL,443.05,449.72,438.19,448.87,399384,179272272.69
2026-04-22,RPEL,447.73,452.49,441.39,452.4,317923,143828887.67
2026-04-23,RPEL,450.26,457.78,450.2,455.49,315124,143536930.64
2026-04-24,RPEL,455.85,458.86,450.03,453.17,328972,149080081.6
2026-04-27,RPEL,451.41,454.04,449.54,451.31,327963,148011465.03
2026-04-28,RPEL,451.74,456.89,451.25,453.8,350053,158853819.11
2026-04-29,RPEL,458.3,464.05,448.81,453.63,462817,209946267.64
2026-04-30,RPEL,456.43,462.2,455.71,461.87,322681,149037514.05
2026-05-04,RPEL,461.22,465.56,460.7,463.93,344090,159634466.54
2026-05-05,RPEL,465.33,470.7,455.78,464.31,291888,135525892.31
2026-05-06,RPEL,461.02,465.57,451.78,452.94,513404,232541516.4
2026-05-07,RPEL,450.36,462.19,450.09,458.38,294256,134879819.23
2026-05-08,RPEL,462.05,469.52,460.5,466.75,444785,207604943.76
2026-05-11,RPEL,469.38,473.85,453.78,459.82,466046,214297433.74
2026-05-12,RPEL,459.48,465.03,454.29,461.78,239815,110741715.05
2026-05-13,RPEL,459.47,465.23,457.58,462.49,224828,103980547.36
2026-05-14,RPEL,459.87,460.67,440.66,450.16,359367,161773121.95
2026-05-15,RPEL,451.93,470.14,450.98,470.07,552479,259704155.09
2026-05-18,RPEL,470.58,491.63,467.86,487.52,486667,237260265.66
2026-05-19,RPEL,487.57,494.41,485.26,491.76,261265,128479301.48
2026-05-20,RPEL,489.93,509.49,488.93,500.83,348127,174353889.21
2026-05-21,RPEL,500.96,503.42,499.98,502.72,489241,245951302.08
2026-05-22,RPEL,500.37,501.95,481.86,482.55,298571,144075295.69
2026-05-25,RPEL,478.58,482.72,472.22,482.04,239730,115559139.92
2026-05-26,RPEL,482.16,487.89,479.66,487.08,297585,144949045.44
2026-05-27,RPEL,486.31,491.3,482.02,484.18,419458,203095120.93
2026-05-28,RPEL,483.29,492.47,477.19,487.41,452551,220578169.47
2026-05-29,RPEL,484.35,485.25,478.89,480.69,382055,183648715.68
2026-06-01,RPEL,482.18,488.14,481.58,483.93,550557,266429387.12
2026-06-02,RPEL,484.37,492.22,470.28,470.31,246082,115734897.56
2026-06-03,RPEL,468.86,486.17,461.75,477.81,369218,176416263.53
2026-06-04,RPEL,477.17,478.81,463.75,465.95,551487,256963132.88
2026-06-05,RPEL,466.72,468.3,460.68,466.72,424728,198229459.24
2026-06-08,RPEL,465.18,470.28,465.1,468.69,481276,225568311.11
2026-06-09,RPEL,465.77,471.95,462.68,468.35,440977,206530184.32
2026-06-10,RPEL,469.45,475.03,459.35,460.66,392038,180595647.2
2026-06-11,RPEL,460.18,468.5,455.51,466.16,296444,138188991.5
2026-06-12,RPEL,465.1,475.71,464.11,473.93,367798,174311194.31
2026-06-15,RPEL,472.78,477.16,471.5,474.14,319515,151495654.15
2026-06-16,RPEL,473.71,483.37,468.71,480.87,355282,170845596.09
2026-06-17,RPEL,481.23,483.79,478.97,483.4,343079,165844492.45
2026-06-18,RPEL,485.31,492.96,474.42,477.83,446508,213354881.11
2026-06-19,RPEL,476.4,482.22,471.98,472.1,233198,110093899.36
2026-06-22,RPEL,473.72,474.13,466.83,469.02,370530,173787297.25
2026-06-23,RPEL,475.2,478.26,470.4,474.04,341673,161965169.49
2026-06-24,RPEL,476.22,476.71,467.09,472.8,391569,185134271.0
2026-06-25,RPEL,469.67,478.76,465.81,476.66,515021,245490108.29
2026-06-26,RPEL,477.13,478.8,453.23,454.7,334470,152082790.94
2026-06-29,RPEL,456.38,467.08,454.84,463.55,522222,242075688.81
2026-06-30,RPEL,464.29,466.16,448.79,449.08,263911,118517123.04
2026-07-01,RPEL,443.34,457.68,439.71,455.02,324715,147751378.03
2026-07-02,RPEL,452.41,463.4,450.73,460.95,365701,168568760.97
2026-07-03,RPEL,458.19,461.35,450.4,452.5,282471,127818630.65
2026-07-06,RPEL,451.93,461.44,446.79,459.24,423719,194590630.25
2026-07-07,RPEL,459.77,466.4,453.27,454.67,277535,126185475.78
2026-07-08,RPEL,457.85,460.84,452.35,458.45,322165,147697504.73
2026-07-09,RPEL,460.29,466.95,456.77,466.83,395489,184625172.43
2026-07-10,RPEL,466.4,474.32,463.09,472.3,466432,220295494.12
2026-07-13,RPEL,472.12,483.79,468.63,479.61,517321,248114840.32
2026-07-14,RPEL,478.13,489.42,473.93,487.24,335650,163542503.56
2026-07-15,RPEL,489.53,499.43,489.18,496.91,391127,194355627.23
2026-07-16,RPEL,495.95,498.71,484.23,487.54,352483,171851225.79
2026-07-17,RPEL,488.65,491.68,483.5,487.41,501933,244644991.19
2026-07-20,RPEL,487.53,492.22,484.95,492.19,467857,230273642.39
2026-07-21,RPEL,492.85,493.81,485.03,490.47,356696,174950044.37
2026-07-22,RPEL,488.36,491.07,485.11,486.64,452058,219988941.84
2026-07-23,RPEL,488.52,492.86,473.89,481.34,507355,244210113.65
2026-07-24,RPEL,481.68,488.53,476.96,478.53,325693,155852351.02
2026-07-27,RPEL,474.9,494.44,471.6,489.67,359449,176012500.2
2026-07-28,RPEL,485.49,489.83,480.54,485.34,239295,116139963.19
2026-07-29,RPEL,484.97,495.9,480.52,490.46,438100,214869316.0
2026-07-30,RPEL,487.21,489.29,486.19,487.67,315705,153960957.08
2026-07-31,RPEL,483.61,488.75,483.31,483.61,554957,268384114.54
2026-08-03,RPEL,481.38,485.43,477.39,481.99,365735,176281964.56
2026-08-04,RPEL,477.99,481.16,470.26,472.76,386562,182752665.16
2026-08-05,RPEL,470.39,471.17,465.04,465.3,428208,199244148.46
2026-08-06,RPEL,465.73,466.46,461.95,464.97,435118,202317447.58
2026-08-07,RPEL,466.9,469.93,450.29,454.47,463774,210769793.18
2026-08-10,RPEL,456.57,458.97,436.51,441.95,518842,229300257.36
2026-08-11,RPEL,442.7,448.08,438.0,446.69,461878,206314797.45
2026-08-12,RPEL,450.47,450.63,439.19,440.09,307158,135177996.57
2026-08-13,RPEL,439.96,448.98,438.78,444.98,284863,126757321.8
2026-08-14,RPEL,444.66,445.79,437.74,438.41,369634,162050875.61
2026-08-17,RPEL,434.89,441.41,430.08,435.31,439967,191523386.07
2026-08-18,RPEL,433.19,443.26,431.23,441.99,224501,99226936.62
2026-08-19,RPEL,440.46,443.69,433.2,436.11,241347,105253103.84
2026-08-20,RPEL,435.45,455.65,431.98,449.84,247778,111460472.36
2026-08-21,RPEL,450.9,454.52,448.22,454.25,288918,131239831.65
2026-08-24,RPEL,455.79,466.77,449.55,466.2,243395,113469656.6
2026-08-25,RPEL,465.71,476.36,456.9,472.3,312597,147640387.3
2026-08-26,RPEL,471.67,483.82,469.25,479.57,376653,180631322.63
2026-08-27,RPEL,481.23,483.56,461.96,468.4,372578,174514811.16
2026-08-28,RPEL,468.83,475.13,462.18,473.31,227322,107594110.84
2026-08-31,RPEL,468.77,473.96,466.18,473.91,539913,255868238.19
2026-09-01,RPEL,473.02,483.1,469.16,476.44,309622,147514974.84
2026-09-02,RPEL,475.77,478.78,473.13,474.42,500896,237637338.41
2026-09-03,RPEL,475.21,479.04,464.68,468.87,306072,143509349.79
2026-09-04,RPEL,471.79,499.48,466.8,494.14,505879,249974629.92
2026-09-07,RPEL,496.62,501.17,483.26,488.59,394365,192683712.24
2026-09-08,RPEL,486.51,487.64,474.89,486.96,286701,139612546.49
2026-09-09,RPEL,489.02,491.7,488.38,491.01,478183,234793974.66
2026-09-10,RPEL,488.24,511.51,484.62,509.58,281656,143526776.56
2026-09-11,RPEL,511.48,511.94,493.49,500.48,275478,137870531.98
2026-09-14,RPEL,497.33,498.19,493.27,494.49,399058,197328407.84
2026-09-16,RPEL,495.97,496.55,479.98,482.26,300632,144983756.35
2026-09-17,RPEL,487.3,497.75,479.97,491.52,406545,199823124.75
2026-09-18,RPEL,494.11,501.52,488.98,501.52,362016,181556851.71
2026-09-21,RPEL,503.83,508.97,503.49,504.88,428899,216541089.25
2026-09-22,RPEL,502.88,504.63,498.99,502.23,290979,146138237.55
2026-09-23,RPEL,501.64,510.55,495.83,510.39,364541,186058734.86
2026-09-24,RPEL,508.44,518.66,504.54,510.38,457559,233529079.88
2026-09-25,RPEL,514.87,516.4,511.77,513.37,510979,262319615.24
2026-09-28,RPEL,512.89,513.87,488.85,494.5,283102,139994852.05
2025-09-01,SBCL,582.97,583.83,576.29,579.52,2077220,1203796969.01
2025-09-02,SBCL,579.69,583.63,569.12,579.54,2314570,1341385915.59
2025-09-03,SBCL,577.92,582.9,574.85,582.0,2077619,1209177839.94
2025-09-04,SBCL,583.81,586.77,557.45,562.81,1455447,819137944.44
2025-09-05,SBCL,561.07,569.28,559.8,561.37,1865432,1047191303.46
2025-09-08,SBCL,558.17,569.32,558.14,568.4,2078600,1181474384.34
2025-09-09,SBCL,572.7,579.1,569.71,571.6,2002506,1144634927.02
2025-09-10,SBCL,575.63,577.52,568.97,572.92,1813129,1038779689.67
2025-09-11,SBCL,574.44,575.13,565.41,565.95,1999953,1131868779.15
2025-09-12,SBCL,566.83,576.14,561.97,568.41,2200693,1250896514.05
2025-09-15,SBCL,571.56,588.38,566.0,587.94,1951510,1147376059.07
2025-09-16,SBCL,586.03,591.13,575.8,579.44,1228062,711591402.88
2025-09-17,SBCL,578.99,595.24,578.84,588.78,1029066,605891783.33
2025-09-18,SBCL,593.25,595.68,574.85,579.63,2066694,1197915704.33
2025-09-19,SBCL,576.45,590.22,576.2,589.76,1836068,1082839906.7
2025-09-22,SBCL,587.12,589.93,573.37,577.75,1233548,712685204.31
2025-09-23,SBCL,579.54,584.38,559.93,562.35,2040415,1147418276.16
2025-09-24,SBCL,563.98,565.16,553.35,555.74,1449408,805497682.77
2025-09-25,SBCL,555.56,557.04,549.42,551.58,1722048,949855540.52
2025-09-26,SBCL,550.86,555.98,549.53,552.97,2199237,1216118061.1
2025-09-29,SBCL,552.16,562.19,549.32,560.09,1749984,980150852.07
2025-09-30,SBCL,561.81,572.79,560.71,568.17,950378,539975383.44
2025-10-01,SBCL,566.47,589.47,563.57,581.05,1861988,1081903260.65
2025-10-03,SBCL,584.91,589.84,579.8,588.02,1730787,1017734537.97
2025-10-06,SBCL,588.99,606.55,580.72,598.72,2347192,1405313821.41
2025-10-07,SBCL,603.4,607.35,588.11,595.41,1248205,743197585.28
2025-10-08,SBCL,595.89,604.43,593.22,603.43,1679260,1013316945.73
2025-10-09,SBCL,606.1,613.6,605.5,610.71,1574075,961299412.33
2025-10-10,SBCL,614.28,627.06,613.5,624.27,1159457,723816647.46
2025-10-13,SBCL,624.28,652.06,617.58,646.82,1315160,850678237.46
2025-10-14,SBCL,643.52,658.34,641.6,652.05,1935269,1261886840.42
2025-10-15,SBCL,650.32,677.7,648.54,675.89,945644,639152016.2
2025-10-16,SBCL,680.39,687.42,677.67,682.8,2076171,1417599680.35
2025-10-17,SBCL,684.7,698.56,682.25,683.88,1139743,779443211.13
2025-10-20,SBCL,685.72,686.55,659.99,664.05,1773265,1177543819.92
2025-10-23,SBCL,663.55,663.95,656.64,659.02,1040021,685392081.24
2025-10-24,SBCL,659.88,672.38,655.66,670.6,1222752,819971801.49
2025-10-27,SBCL,667.9,683.59,664.52,678.73,2356654,1599533409.78
2025-10-28,SBCL,678.98,689.31,678.33,682.8,1008036,688287192.2
2025-10-29,SBCL,682.13,683.25,672.96,677.0,1020502,690879161.11
2025-10-30,SBCL,674.61,683.95,668.27,669.5,1063698,712149018.38
2025-10-31,SBCL,668.69,669.03,664.39,666.95,1319604,880111710.99
2025-11-03,SBCL,670.46,675.9,656.11,660.13,1105102,729510394.23
2025-11-04,SBCL,655.85,658.24,650.56,651.51,1221706,795951504.96
2025-11-06,SBCL,652.59,657.19,645.61,647.58,1141523,739227574.79
2025-11-07,SBCL,644.83,650.7,635.62,647.73,2077605,1345730601.92
2025-11-10,SBCL,644.29,657.08,644.2,651.01,1818214,1183668793.27
2025-11-11,SBCL,645.22,650.83,640.92,650.41,1360134,884642657.13
2025-11-12,SBCL,642.86,645.64,628.68,637.05,1880555,1197999095.14
2025-11-13,SBCL,638.22,645.11,628.38,643.08,2129977,1369751797.94
2025-11-14,SBCL,641.48,650.22,629.51,629.89,1628612,1025842862.03
2025-11-17,SBCL,629.69,649.43,627.85,644.53,1504888,969943904.12
2025-11-18,SBCL,638.2,641.45,636.44,638.94,1201383,767612018.94
2025-11-19,SBCL,644.13,673.09,643.32,661.35,1249577,826408734.86
2025-11-20,SBCL,664.21,668.95,634.87,636.92,1741581,1109248438.12
2025-11-21,SBCL,634.25,637.34,627.96,630.68,2109207,1330232174.52
2025-11-24,SBCL,630.08,635.84,627.83,635.5,1124321,714507719.02
2025-11-25,SBCL,633.87,653.68,632.7,649.94,1721251,1118713666.04
2025-11-26,SBCL,651.46,657.89,646.37,655.16,1236128,809861617.56
2025-11-27,SBCL,654.15,664.93,649.51,660.5,918968,606980921.09
2025-11-28,SBCL,661.74,671.75,658.09,664.55,1137373,755844116.95
2025-12-01,SBCL,662.61,662.77,635.46,640.12,2246297,1437898015.75
2025-12-02,SBCL,637.77,638.13,628.56,633.07,1590715,1007034880.42
2025-12-03,SBCL,634.52,648.47,624.16,626.66,1779137,1114916930.81
2025-12-04,SBCL,625.52,643.45,619.96,640.38,1654596,1059568905.84
2025-12-05,SBCL,641.07,652.39,620.93,649.75,990507,643578476.64
2025-12-08,SBCL,648.08,657.17,646.95,650.93,1149824,748449411.52
2025-12-09,SBCL,649.54,653.88,647.83,650.91,1795595,1168775560.9
2025-12-10,SBCL,649.13,655.48,639.39,641.89,1483665,952348647.76
2025-12-11,SBCL,643.04,646.8,632.36,636.22,1895242,1205786162.79
2025-12-12,SBCL,636.58,648.54,635.73,645.23,945660,610171659.79
2025-12-15,SBCL,649.41,653.15,643.03,646.89,1415848,915896242.32
2025-12-16,SBCL,647.52,656.92,639.95,653.29,1896839,1239188336.53
2025-12-17,SBCL,651.8,668.76,646.82,664.03,1324289,879373571.73
2025-12-18,SBCL,667.48,682.3,660.65,676.41,1031905,697994841.35
2025-12-19,SBCL,675.09,680.47,654.54,656.99,2267568,1489777508.94
2025-12-22,SBCL,653.2,658.92,650.42,651.98,2314585,1509061930.47
2025-12-23,SBCL,642.23,654.48,633.85,653.5,1872911,1223949310.12
2025-12-24,SBCL,656.17,668.32,655.29,663.73,2097229,1391984139.59
2025-12-26,SBCL,669.52,674.52,651.68,652.92,2209976,1442936672.98
2025-12-29,SBCL,654.86,660.64,645.46,650.27,1193002,775769686.34
2025-12-30,SBCL,646.83,653.16,643.26,644.6,1090982,703242100.33
2025-12-31,SBCL,650.12,650.44,638.18,647.77,1350726,874962287.1
2026-01-01,SBCL,654.21,658.98,631.8,632.34,1414224,894264274.0
2026-01-02,SBCL,636.29,652.36,632.17,642.54,2214050,1422618055.43
2026-01-05,SBCL,639.46,640.08,623.45,623.92,1750208,1091981209.84
2026-01-06,SBCL,623.61,624.36,609.54,612.87,1983924,1215883990.84
2026-01-07,SBCL,612.22,618.83,611.84,614.15,1166911,716662134.92
2026-01-08,SBCL,615.94,616.27,593.21,595.36,1419361,845032720.45
2026-01-09,SBCL,600.98,603.66,585.09,591.41,1282802,758655851.8
2026-01-12,SBCL,594.45,596.49,570.04,572.02,1606658,919039075.98
2026-01-13,SBCL,568.02,570.68,554.58,559.22,1219618,682039222.79
2026-01-14,SBCL,556.84,564.5,556.56,558.98,1237188,691567974.17
2026-01-15,SBCL,557.69,573.39,552.54,571.51,1580364,903190050.15
2026-01-16,SBCL,570.97,577.74,562.03,576.19,965140,556104384.76
2026-01-19,SBCL,574.29,576.38,546.52,550.84,2319021,1277418406.23
2026-01-20,SBCL,552.22,568.99,549.1,568.37,1085886,617188270.55
2026-01-21,SBCL,568.82,577.77,567.8,575.07,1429672,822162382.68
2026-01-22,SBCL,578.36,580.23,551.02,552.91,1800661,995603634.14
2026-01-23,SBCL,550.95,552.22,536.32,539.7,1514074,817147247.64
2026-01-27,SBCL,543.17,552.11,540.22,551.38,1180262,650768064.1
2026-01-28,SBCL,550.46,555.38,548.13,554.97,1160679,644139338.36
2026-01-29,SBCL,557.79,557.86,549.92,556.94,1973277,1098998983.28
2026-01-30,SBCL,558.87,565.33,551.26,559.64,2003445,1121217719.59
2026-02-02,SBCL,560.63,587.69,558.37,580.14,2107419,1222593015.11
2026-02-03,SBCL,579.42,588.65,578.77,583.05,1540227,898022439.53
2026-02-04,SBCL,582.42,594.29,580.22,591.2,1616280,955539268.12
2026-02-05,SBCL,591.62,600.23,567.44,570.91,974676,556449202.5
2026-02-06,SBCL,568.93,593.0,563.57,586.86,2079950,1220632182.97
2026-02-09,SBCL,588.56,591.89,581.95,585.96,2346692,1375062583.2
2026-02-10,SBCL,584.97,593.23,579.88,587.2,1091699,641046898.6
2026-02-11,SBCL,588.88,591.0,565.42,574.0,1519874,872412063.34
2026-02-12,SBCL,573.03,579.89,568.9,571.07,2213441,1264040817.41
2026-02-13,SBCL,568.92,574.31,561.38,569.53,1153199,656787075.81
2026-02-16,SBCL,568.09,570.79,565.68,566.16,974853,551922659.52
2026-02-17,SBCL,569.89,570.22,545.35,547.15,934331,511223687.02
2026-02-18,SBCL,549.9,550.33,538.75,540.93,1491731,806919264.7
2026-02-19,SBCL,542.13,546.25,537.34,541.76,1309684,709538661.64
2026-02-20,SBCL,543.88,546.62,539.54,539.84,1532754,827440666.1
2026-02-23,SBCL,541.11,547.55,538.03,544.47,2097081,1141800624.4
2026-02-24,SBCL,542.81,545.75,522.19,525.45,992023,521256991.49
2026-02-25,SBCL,524.46,528.82,491.87,498.37,1682525,838527297.25
2026-02-26,SBCL,495.42,503.47,492.59,501.04,1140044,571202143.01
2026-02-27,SBCL,499.3,503.91,490.33,497.3,1898566,944148583.18
2026-03-02,SBCL,495.16,513.88,490.65,511.73,1292857,661590245.0
2026-03-04,SBCL,509.8,515.78,500.89,502.91,1888015,949492536.32
2026-03-05,SBCL,505.35,509.51,500.57,507.98,1143531,580894510.34
2026-03-06,SBCL,511.36,516.26,497.67,501.26,1035209,518904369.43
2026-03-09,SBCL,504.05,511.39,503.15,507.12,1335575,677293262.67
2026-03-10,SBCL,505.55,534.84,497.95,528.35,1394499,736783859.4
2026-03-11,SBCL,528.9,543.67,526.61,539.66,1720394,928425173.53
2026-03-12,SBCL,537.83,541.16,527.31,530.84,2166697,1150168404.89
2026-03-13,SBCL,533.21,537.06,519.82,526.93,1788138,942231994.39
2026-03-16,SBCL,531.63,541.42,529.4,534.33,2026791,1082982354.23
2026-03-17,SBCL,531.56,544.45,525.96,541.77,1995771,1081252107.71
2026-03-18,SBCL,539.1,548.66,533.71,544.97,1608357,876509781.67
2026-03-19,SBCL,546.43,547.81,543.26,543.36,1035741,562777890.38
2026-03-20,SBCL,548.55,554.17,532.51,533.32,1344941,717282616.64
2026-03-23,SBCL,533.52,542.8,525.2,535.85,1639734,878649956.89
2026-03-24,SBCL,538.69,539.43,516.97,520.18,1124726,585064072.98
2026-03-25,SBCL,522.88,530.83,510.26,511.26,2216758,1133335843.09
2026-03-27,SBCL,513.96,519.07,513.35,517.54,1344786,695986778.35
2026-03-30,SBCL,514.6,529.12,507.46,524.04,941459,493360852.04
2026-03-31,SBCL,527.11,529.92,507.91,515.92,1412454,728720153.53
2026-04-01,SBCL,516.67,523.01,506.6,509.28,2043005,1040457507.26
2026-04-02,SBCL,512.73,517.53,500.75,501.29,2299518,1152716036.12
2026-04-06,SBCL,508.22,508.62,503.76,507.18,1466189,743616925.92
2026-04-07,SBCL,510.99,512.34,492.49,493.33,1372331,677008354.97
2026-04-08,SBCL,494.0,498.23,493.08,493.44,2354246,1161684188.27
2026-04-09,SBCL,494.28,510.06,490.02,505.18,1498971,757248444.49
2026-04-10,SBCL,508.06,519.82,506.44,516.55,1830329,945454641.37
2026-04-13,SBCL,513.9,523.55,509.54,518.98,2004994,1040544582.86
2026-04-15,SBCL,521.79,524.9,513.41,519.39,1187275,616659326.72
2026-04-16,SBCL,516.76,540.87,515.03,539.31,1099146,592778781.92
2026-04-17,SBCL,537.58,568.39,537.21,564.54,1000294,564705675.69
2026-04-20,SBCL,561.99,574.01,560.83,566.98,1838087,1042166589.94
2026-04-21,SBCL,566.93,591.49,562.03,587.55,1803268,1059513788.93
2026-04-22,SBCL,589.24,611.61,582.91,604.84,1590545,962019060.55
2026-04-23,SBCL,602.05,621.75,598.16,611.84,2232735,1366073203.87
2026-04-24,SBCL,615.6,620.35,593.19,601.02,2009007,1207462343.93
2026-04-27,SBCL,597.48,598.53,572.58,577.1,2316382,1336775186.89
2026-04-28,SBCL,576.62,576.98,561.66,571.39,1151618,658022429.16
2026-04-29,SBCL,569.43,573.66,549.55,550.61,2192248,1207070380.19
2026-04-30,SBCL,546.88,549.98,524.94,533.27,1853176,988242797.42
2026-05-04,SBCL,534.63,545.82,532.31,535.35,1757247,940746534.2
2026-05-05,SBCL,532.61,533.8,515.56,519.57,1152682,598894468.24
2026-05-06,SBCL,521.32,521.66,509.33,512.12,1776712,909893715.1
2026-05-07,SBCL,514.75,519.31,512.17,514.49,1697439,873317902.94
2026-05-08,SBCL,512.45,516.89,509.16,516.05,1345509,694350798.39
2026-05-11,SBCL,515.86,524.0,510.06,515.78,1034323,533479358.58
2026-05-12,SBCL,516.59,527.55,513.16,527.35,1827006,963476657.21
2026-05-13,SBCL,528.86,533.27,528.44,532.44,1097409,584303858.36
2026-05-14,SBCL,530.27,538.66,528.18,538.23,1662823,894978480.77
2026-05-15,SBCL,538.57,546.24,529.75,545.27,2086073,1137466553.34
2026-05-18,SBCL,547.57,548.34,535.29,539.91,1847006,997223043.83
2026-05-19,SBCL,539.52,543.15,534.11,535.0,1470857,786906930.02
2026-05-20,SBCL,531.12,533.99,525.99,532.6,1427417,760244357.76
2026-05-21,SBCL,536.29,538.19,530.73,535.45,2049619,1097466157.81
2026-05-22,SBCL,540.13,540.35,518.81,521.21,1790936,933457241.61
2026-05-25,SBCL,517.89,532.44,516.67,527.01,1003987,529112877.36
2026-05-26,SBCL,528.47,547.4,527.91,540.72,1879559,1016310966.19
2026-05-27,SBCL,538.54,541.74,536.76,540.07,1209858,653402016.15
2026-05-28,SBCL,539.7,540.93,524.57,535.26,1615232,864576852.67
2026-05-29,SBCL,534.26,546.27,529.25,546.18,1007528,550294731.39
2026-06-01,SBCL,544.18,552.31,543.41,547.86,1722822,943871977.68
2026-06-02,SBCL,544.2,551.84,543.63,550.03,2282696,1255553082.34
2026-06-03,SBCL,552.29,559.52,545.12,545.64,1434683,782819584.99
2026-06-04,SBCL,539.89,560.81,533.91,555.68,1510635,839428970.44
2026-06-05,SBCL,554.78,555.27,527.56,529.71,1969195,1043100744.48
2026-06-08,SBCL,525.48,526.85,520.43,521.32,1176299,613225234.44
2026-06-09,SBCL,524.03,533.49,512.94,527.56,2248741,1186344577.25
2026-06-10,SBCL,526.62,531.59,523.6,526.24,2349840,1236585190.29
2026-06-11,SBCL,525.33,533.53,522.82,531.43,1494108,794006619.0
2026-06-12,SBCL,531.26,537.08,529.0,534.94,1400137,748988987.71
2026-06-15,SBCL,539.22,544.4,528.83,530.03,2078125,1101474383.96
2026-06-16,SBCL,531.16,536.59,513.59,522.87,1499023,783789252.06
2026-06-17,SBCL,522.88,526.44,519.42,524.77,1489302,781533676.66
2026-06-18,SBCL,521.69,522.51,511.09,519.69,1521600,790759554.79
2026-06-19,SBCL,515.19,535.81,514.1,530.79,1598564,848509049.51
2026-06-22,SBCL,535.03,554.24,531.55,551.24,954378,526094670.01
2026-06-23,SBCL,549.52,570.95,547.62,563.64,1920574,1082507983.13
2026-06-24,SBCL,564.52,581.23,557.9,578.05,1622277,937763487.36
2026-06-25,SBCL,576.29,584.63,567.6,574.37,1659107,952947344.99
2026-06-26,SBCL,574.28,577.22,555.26,555.81,1169631,650091542.7
2026-06-29,SBCL,555.64,559.43,538.05,547.34,1505697,824124410.5
2026-06-30,SBCL,547.48,558.24,542.77,557.22,2202901,1227494865.96
2026-07-01,SBCL,558.31,577.34,556.35,570.23,2235191,1274576523.81
2026-07-02,SBCL,571.05,574.85,554.8,557.65,1274145,710529070.11
2026-07-03,SBCL,552.54,570.36,544.3,563.34,1805840,1017307527.89
2026-07-06,SBCL,559.7,567.66,555.59,564.52,1495522,844246566.13
2026-07-07,SBCL,567.85,579.05,563.31,578.55,1732512,1002349612.58
2026-07-08,SBCL,581.87,596.74,577.18,592.13,2187168,1295086041.66
2026-07-09,SBCL,593.46,595.71,587.93,589.65,2157392,1272115749.64
2026-07-10,SBCL,589.66,615.71,585.93,611.88,2014420,1232588159.2
2026-07-13,SBCL,606.7,609.42,602.58,603.49,1355694,818143031.0
2026-07-14,SBCL,605.7,616.32,604.33,611.5,1887042,1153917909.84
2026-07-15,SBCL,616.46,617.94,609.25,617.83,1368395,845436236.41
2026-07-16,SBCL,614.9,643.7,611.14,639.43,1502753,960905030.81
2026-07-17,SBCL,637.39,637.95,629.97,630.35,1452128,915349357.87
2026-07-20,SBCL,631.19,637.36,629.32,635.64,2297585,1460431407.93
2026-07-21,SBCL,631.96,632.08,615.28,618.89,1075290,665486454.62
2026-07-22,SBCL,615.44,616.72,609.31,610.35,1354368,826639529.87
2026-07-23,SBCL,611.64,613.26,603.95,604.63,1902668,1150413893.63
2026-07-24,SBCL,598.32,605.97,587.73,605.19,1091072,660310007.13
2026-07-27,SBCL,603.33,617.1,601.69,616.46,1873488,1154932253.28
2026-07-28,SBCL,618.28,625.78,616.61,625.07,2156518,1347974198.06
2026-07-29,SBCL,622.81,634.35,617.08,630.09,1282018,807789174.27
2026-07-30,SBCL,630.32,630.69,629.11,629.86,1603953,1010269543.06
2026-07-31,SBCL,633.17,634.89,624.72,626.39,1709890,1071058020.1
2026-08-03,SBCL,623.73,646.29,622.41,633.69,1582924,1003084740.35
2026-08-04,SBCL,634.89,641.55,633.29,638.52,2128167,1358874771.18
2026-08-05,SBCL,641.89,657.59,640.28,653.03,1964456,1282850278.35
2026-08-06,SBCL,650.0,651.33,649.03,650.96,1828857,1190505710.52
2026-08-07,SBCL,648.23,648.96,639.16,640.74,2036780,1305046802.26
2026-08-10,SBCL,639.77,639.89,628.13,629.46,2325697,1463930846.64
2026-08-11,SBCL,625.32,626.72,603.22,613.69,1553735,953516775.63
2026-08-12,SBCL,616.91,622.52,614.23,614.35,2335739,1434967023.97
2026-08-13,SBCL,614.03,618.92,604.49,612.84,1516920,929625347.77
2026-08-14,SBCL,611.67,631.33,609.29,628.76,1853917,1165674958.31
2026-08-17,SBCL,621.48,625.75,611.61,615.69,1657906,1020753558.86
2026-08-18,SBCL,610.54,626.13,610.44,626.12,2246227,1406401668.98
2026-08-19,SBCL,625.62,627.47,614.76,621.46,1234874,767422608.94
2026-08-20,SBCL,623.57,628.06,622.13,627.31,2257936,1416429401.48
2026-08-21,SBCL,626.74,637.66,615.7,616.58,1458753,899432969.42
2026-08-24,SBCL,619.07,633.76,616.82,633.22,2075581,1314308640.69
2026-08-25,SBCL,626.99,627.51,615.62,625.84,2160758,1352290373.22
2026-08-26,SBCL,630.55,630.6,622.47,623.95,2341735,1461121728.32
2026-08-27,SBCL,626.52,627.65,615.23,615.32,2155111,1326075365.19
2026-08-28,SBCL,613.59,626.04,611.05,619.0,2099337,1299496134.5
2026-08-31,SBCL,617.46,634.61,613.71,630.66,1016393,640999123.23
2026-09-01,SBCL,626.48,637.18,618.14,633.84,1461699,926479396.04
2026-09-02,SBCL,633.56,634.33,609.07,610.66,1348020,823187110.03
2026-09-03,SBCL,609.16,611.04,599.65,601.03,1833950,1102265204.41
2026-09-04,SBCL,604.95,607.79,601.48,603.47,1161553,700965957.88
2026-09-07,SBCL,603.68,624.18,599.38,621.01,1334896,828981828.35
2026-09-08,SBCL,616.04,622.04,605.21,605.98,1915227,1160596944.67
2026-09-09,SBCL,603.26,610.24,600.8,600.88,1984794,1192622288.93
2026-09-10,SBCL,602.14,606.27,590.15,590.61,1462415,863718214.35
2026-09-11,SBCL,590.33,590.97,583.8,585.73,980203,574134911.85
2026-09-14,SBCL,582.26,584.13,580.75,582.01,2333601,1358170736.46
2026-09-16,SBCL,580.36,601.96,573.51,596.25,1195031,712532212.9
2026-09-17,SBCL,597.68,610.39,595.15,609.41,1370578,835240309.65
2026-09-18,SBCL,613.43,614.89,589.36,594.52,2092867,1244244764.02
2026-09-21,SBCL,593.59,596.51,581.31,584.63,1350662,789641771.57
2026-09-22,SBCL,589.53,602.26,582.9,597.55,2106735,1258886738.61
2026-09-23,SBCL,593.27,598.92,590.93,596.42,1076516,642054297.35
2026-09-24,SBCL,598.81,604.12,587.93,593.38,998438,592448372.65
2026-09-25,SBCL,595.13,598.58,578.04,578.94,1130325,654392439.55
2026-09-28,SBCL,578.18,583.09,573.61,573.82,1361888,781475265.75
2025-09-01,AEROFLEX,189.23,193.96,189.05,192.42,1838226,353708730.62
2025-09-02,AEROFLEX,192.57,194.26,185.54,187.76,2156083,404820488.83
2025-09-03,AEROFLEX,187.63,190.13,185.36,189.2,2343049,443295612.47
2025-09-04,AEROFLEX,189.01,189.47,183.87,184.13,1637127,301440510.03
2025-09-05,AEROFLEX,184.03,186.11,179.76,185.26,1525754,282662265.1
2025-09-08,AEROFLEX,186.05,187.08,185.02,185.89,1510619,280802832.03
2025-09-09,AEROFLEX,185.68,191.7,184.86,189.89,2435855,462535410.77
2025-09-10,AEROFLEX,190.56,195.47,189.98,194.8,1592781,310275231.12
2025-09-11,AEROFLEX,194.25,195.38,191.23,194.52,2139311,416139810.31
2025-09-12,AEROFLEX,193.15,200.25,192.01,199.32,1825413,363835708.76
2025-09-15,AEROFLEX,198.39,198.57,194.5,197.13,1316324,259485080.03
2025-09-16,AEROFLEX,197.67,199.17,196.88,196.98,1793529,353282229.52
2025-09-17,AEROFLEX,197.81,199.45,193.31,193.54,1300801,251755850.22
2025-09-18,AEROFLEX,193.99,198.9,193.72,197.04,2107119,415185347.91
2025-09-19,AEROFLEX,197.69,205.6,196.32,202.58,1984115,401948817.21
2025-09-22,AEROFLEX,201.8,202.41,199.49,201.47,1590591,320458377.88
2025-09-23,AEROFLEX,201.38,207.26,200.79,205.86,1118817,230314948.43
2025-09-24,AEROFLEX,206.3,208.48,204.19,208.01,1238289,257579717.71
2025-09-25,AEROFLEX,209.92,211.89,208.48,209.36,1309705,274195248.56
2025-09-26,AEROFLEX,209.11,211.04,208.79,209.17,2012627,420988692.43
2025-09-29,AEROFLEX,209.09,212.12,208.8,211.56,1797449,380263671.27
2025-09-30,AEROFLEX,211.94,212.47,206.24,209.41,1854323,388314740.0
2025-10-01,AEROFLEX,209.77,212.22,202.79,205.24,2480371,509077793.37
2025-10-03,AEROFLEX,205.44,207.56,203.06,206.72,1279249,264447332.91
2025-10-06,AEROFLEX,208.28,211.46,204.11,211.04,1799100,379681463.01
2025-10-07,AEROFLEX,208.84,213.07,207.93,212.13,1269603,269322327.91
2025-10-08,AEROFLEX,211.26,213.1,207.99,211.82,1410095,298681198.04
2025-10-09,AEROFLEX,212.61,216.12,204.41,204.45,2121042,433655281.74
2025-10-10,AEROFLEX,203.9,205.48,203.52,204.51,1001250,204763630.93
2025-10-13,AEROFLEX,204.88,212.18,204.83,210.72,2484452,523526492.74
2025-10-14,AEROFLEX,211.12,220.13,208.42,219.96,1645434,361926074.12
2025-10-15,AEROFLEX,220.65,220.69,215.75,218.2,2169863,473465390.44
2025-10-16,AEROFLEX,217.47,220.9,217.1,218.84,1387942,303736453.94
2025-10-17,AEROFLEX,218.74,222.54,214.5,216.98,1864346,404516970.0
2025-10-20,AEROFLEX,215.76,216.23,210.94,212.32,1136360,241276944.9
2025-10-23,AEROFLEX,213.18,220.11,210.76,218.6,1686357,368643720.9
2025-10-24,AEROFLEX,218.48,226.89,216.46,225.16,2410606,542764357.48
2025-10-27,AEROFLEX,224.38,225.62,223.01,225.25,1826511,411415313.16
2025-10-28,AEROFLEX,223.86,224.21,220.27,222.3,1777612,395168985.05
2025-10-29,AEROFLEX,222.74,224.06,221.74,222.06,2037623,452481905.1
2025-10-30,AEROFLEX,222.85,223.25,220.94,222.74,2166157,482484450.76
2025-10-31,AEROFLEX,222.47,228.13,221.98,226.77,1945571,441202169.83
2025-11-03,AEROFLEX,225.9,227.28,223.3,225.34,1447486,326172115.49
2025-11-04,AEROFLEX,224.54,230.64,224.28,227.84,1934942,440852035.95
2025-11-06,AEROFLEX,227.56,229.77,227.37,227.64,2503281,569842579.96
2025-11-07,AEROFLEX,227.29,228.44,224.97,226.23,1639807,370972131.99
2025-11-10,AEROFLEX,226.29,226.39,224.02,224.93,2243846,504706220.32
2025-11-11,AEROFLEX,225.02,230.67,224.32,228.59,1189175,271832617.14
2025-11-12,AEROFLEX,229.07,230.48,228.75,229.46,1408262,323138966.74
2025-11-13,AEROFLEX,228.28,235.86,227.2,234.74,2123225,498411855.62
2025-11-14,AEROFLEX,234.01,236.09,231.97,234.25,2500644,585770843.68
2025-11-17,AEROFLEX,235.29,240.25,234.83,240.13,2220968,533325806.89
2025-11-18,AEROFLEX,239.91,246.21,237.81,244.88,2150475,526616381.52
2025-11-19,AEROFLEX,243.01,255.24,242.29,251.95,1335318,336434244.97
2025-11-20,AEROFLEX,251.55,254.11,251.3,251.49,1530615,384939700.3
2025-11-21,AEROFLEX,251.32,253.25,248.53,248.94,1217045,302975972.45
2025-11-24,AEROFLEX,250.19,260.18,248.83,256.69,1616992,415066713.48
2025-11-25,AEROFLEX,256.69,258.89,253.17,255.77,1042015,266519246.53
2025-11-26,AEROFLEX,255.72,256.82,250.17,256.69,2387887,612939045.35
2025-11-27,AEROFLEX,258.79,260.54,258.14,259.75,1688270,438530862.08
2025-11-28,AEROFLEX,259.08,260.67,248.87,248.94,1831623,455959894.74
2025-12-01,AEROFLEX,248.67,254.64,247.72,253.57,1843933,467572723.33
2025-12-02,AEROFLEX,253.72,256.04,245.09,245.28,1453565,356527386.33
2025-12-03,AEROFLEX,244.98,246.91,242.77,244.16,1711030,417767167.08
2025-12-04,AEROFLEX,243.57,244.46,241.39,241.73,1512438,365603432.1
2025-12-05,AEROFLEX,242.1,245.61,241.22,241.88,2501825,605151826.88
2025-12-08,AEROFLEX,243.07,243.26,235.74,237.84,1918379,456276841.62
2025-12-09,AEROFLEX,237.77,238.52,235.75,236.25,1651133,390082828.83
2025-12-10,AEROFLEX,239.37,241.08,228.71,229.18,2363184,541586908.23
2025-12-11,AEROFLEX,227.38,239.51,226.34,233.89,1413092,330503407.93
2025-12-12,AEROFLEX,234.59,235.86,224.28,227.14,2525115,573556050.05
2025-12-15,AEROFLEX,226.43,228.67,221.26,227.77,1382358,314865494.93
2025-12-16,AEROFLEX,227.48,227.77,224.8,225.58,1864264,420531934.94
2025-12-17,AEROFLEX,226.21,229.56,225.07,225.94,2114908,477843338.45
2025-12-18,AEROFLEX,228.52,236.41,227.9,234.21,2492166,583684341.37
2025-12-19,AEROFLEX,235.59,238.18,233.4,234.37,1822465,427133992.47
2025-12-22,AEROFLEX,236.64,239.07,234.05,235.19,1245953,293039540.03
2025-12-23,AEROFLEX,233.81,236.49,228.13,228.76,1730405,395854680.78
2025-12-24,AEROFLEX,230.33,232.39,229.32,230.41,1350696,311214909.38
2025-12-26,AEROFLEX,228.63,231.0,224.62,230.7,1670711,385432461.27
2025-12-29,AEROFLEX,231.24,233.2,230.82,231.18,1883184,435359586.25
2025-12-30,AEROFLEX,232.83,233.0,226.27,227.89,1591894,362774436.27
2025-12-31,AEROFLEX,228.51,229.88,224.25,226.51,2365689,535847552.44
2026-01-01,AEROFLEX,227.07,227.6,222.83,226.45,2044812,463038098.51
2026-01-02,AEROFLEX,225.43,233.36,223.22,230.46,1470135,338801743.5
2026-01-05,AEROFLEX,230.34,231.44,220.54,222.25,2488224,553017060.45
2026-01-06,AEROFLEX,219.89,220.4,217.07,217.15,1355810,294410183.61
2026-01-07,AEROFLEX,218.2,223.24,217.85,221.85,2027984,449913138.29
2026-01-08,AEROFLEX,221.12,224.08,219.91,222.61,2282401,508083572.53
2026-01-09,AEROFLEX,222.38,224.52,214.19,216.84,1824031,395524288.53
2026-01-12,AEROFLEX,216.1,217.39,214.35,215.52,1617630,348635434.59
2026-01-13,AEROFLEX,216.28,218.54,209.21,211.92,2490622,527802070.96
2026-01-14,AEROFLEX,210.97,213.56,207.69,207.75,2308192,479521231.55
2026-01-15,AEROFLEX,208.79,210.68,204.52,206.38,1076768,222226778.61
2026-01-16,AEROFLEX,205.44,207.16,198.94,200.15,1452316,290687252.26
2026-01-19,AEROFLEX,201.06,203.79,197.53,198.17,2052766,406794208.35
2026-01-20,AEROFLEX,199.76,202.88,197.27,202.19,1406871,284460508.31
2026-01-21,AEROFLEX,201.87,203.39,194.55,194.85,1861872,362777873.77
2026-01-22,AEROFLEX,197.07,200.16,196.01,196.14,1263405,247802853.75
2026-01-23,AEROFLEX,196.19,196.58,186.58,189.11,1188540,224761143.63
2026-01-27,AEROFLEX,189.41,190.39,186.33,187.21,2168346,405926866.54
2026-01-28,AEROFLEX,186.43,188.81,184.65,188.39,1980938,373191655.75
2026-01-29,AEROFLEX,186.04,194.52,185.56,194.37,1108490,215456419.72
2026-01-30,AEROFLEX,193.84,195.53,188.23,188.43,2050795,386430012.14
2026-02-02,AEROFLEX,188.84,188.96,185.31,186.88,1704289,318502540.22
2026-02-03,AEROFLEX,186.16,188.26,185.89,188.03,1949508,366557678.91
2026-02-04,AEROFLEX,187.45,188.31,186.58,186.8,1925296,359647690.1
2026-02-05,AEROFLEX,187.57,189.17,186.77,188.68,1407539,265577192.38
2026-02-06,AEROFLEX,189.83,190.32,183.85,184.09,1020771,187911461.62
2026-02-09,AEROFLEX,184.96,188.55,183.37,187.81,1982382,372318888.31
2026-02-10,AEROFLEX,187.0,189.97,186.89,189.16,1542191,291713321.55
2026-02-11,AEROFLEX,189.98,192.17,189.89,191.15,1641952,313856044.16
2026-02-12,AEROFLEX,191.09,196.13,189.5,193.97,1793944,347977097.86
2026-02-13,AEROFLEX,191.82,195.02,190.16,192.9,2005376,386843855.76
2026-02-16,AEROFLEX,193.79,194.97,189.05,189.62,1994995,378282387.51
2026-02-17,AEROFLEX,189.16,192.83,185.78,190.12,1101575,209428341.58
2026-02-18,AEROFLEX,190.62,194.4,188.31,193.68,2278104,441216244.13
2026-02-19,AEROFLEX,194.16,196.27,192.3,192.64,1140042,219622827.49
2026-02-20,AEROFLEX,193.78,194.71,188.95,192.06,1123787,215836499.27
2026-02-23,AEROFLEX,193.5,194.65,192.73,193.88,1267242,245689569.3
2026-02-24,AEROFLEX,193.27,194.61,192.35,194.47,2248232,437203294.68
2026-02-25,AEROFLEX,193.17,195.57,189.56,190.57,1023804,195106952.84
2026-02-26,AEROFLEX,191.9,195.69,191.1,193.29,2025449,391490386.16
2026-02-27,AEROFLEX,192.17,193.48,190.78,191.42,2469428,472703828.4
2026-03-02,AEROFLEX,191.87,194.73,185.76,187.63,2189498,410805646.0
2026-03-04,AEROFLEX,188.11,191.34,186.97,190.63,1971734,375875774.65
2026-03-05,AEROFLEX,190.55,191.59,189.85,191.47,1239839,237390864.58
2026-03-06,AEROFLEX,192.0,192.05,186.3,188.71,2395461,452046260.29
2026-03-09,AEROFLEX,188.36,188.36,184.86,187.3,2390752,447776208.88
2026-03-10,AEROFLEX,186.4,189.67,185.71,188.78,2038110,384750441.06
2026-03-11,AEROFLEX,189.29,194.7,186.47,193.91,1608869,311981450.84
2026-03-12,AEROFLEX,192.6,195.04,190.09,190.72,2396164,457001403.22
2026-03-13,AEROFLEX,190.44,193.03,189.31,192.58,2383340,458986948.67
2026-03-16,AEROFLEX,192.51,196.87,190.89,195.02,1273503,248352921.17
2026-03-17,AEROFLEX,194.75,196.86,192.61,193.16,1201047,231993043.41
2026-03-18,AEROFLEX,192.29,195.28,190.64,194.52,1995475,388169112.55
2026-03-19,AEROFLEX,194.93,203.26,192.64,201.59,1393645,280942072.74
2026-03-20,AEROFLEX,201.03,201.83,199.51,201.56,2268146,457159665.48
2026-03-23,AEROFLEX,202.77,207.47,201.48,205.67,2215896,455752383.61
2026-03-24,AEROFLEX,205.36,207.0,204.1,206.64,1956582,404309698.55
2026-03-25,AEROFLEX,204.64,206.39,199.16,200.4,2428419,486654709.98
2026-03-27,AEROFLEX,200.99,202.06,200.89,201.9,1396573,281961885.79
2026-03-30,AEROFLEX,202.62,204.46,201.21,202.9,2093640,424806584.8
2026-03-31,AEROFLEX,202.6,204.41,202.01,202.78,2253649,456985327.22
2026-04-01,AEROFLEX,201.54,208.17,198.95,205.49,1148646,236035403.42
2026-04-02,AEROFLEX,204.9,210.01,202.89,208.58,2473622,515956630.58
2026-04-06,AEROFLEX,209.48,210.14,208.24,208.77,2492137,520289970.01
2026-04-07,AEROFLEX,208.46,209.81,205.73,206.7,1566933,323882511.18
2026-04-08,AEROFLEX,206.01,206.06,205.75,205.92,1625377,334694913.97
2026-04-09,AEROFLEX,206.77,207.12,202.38,203.98,2416971,493022697.11
2026-04-10,AEROFLEX,203.97,211.62,203.22,208.66,2112919,440872205.78
2026-04-13,AEROFLEX,207.53,208.55,206.77,207.1,1541028,319140831.11
2026-04-15,AEROFLEX,207.11,210.03,206.93,207.79,1649940,342848043.7
2026-04-16,AEROFLEX,209.16,209.9,207.59,209.54,1915920,401458173.78
2026-04-17,AEROFLEX,211.46,212.7,204.22,205.32,2119348,435136038.6
2026-04-20,AEROFLEX,203.24,208.1,202.41,205.73,1204897,247884611.11
2026-04-21,AEROFLEX,208.07,208.47,201.54,201.56,1635454,329639397.76
2026-04-22,AEROFLEX,203.3,204.74,198.84,200.07,2238421,447849336.77
2026-04-23,AEROFLEX,200.49,201.51,193.29,195.35,2264361,442343602.64
2026-04-24,AEROFLEX,194.82,195.43,188.8,190.07,1674677,318312739.57
2026-04-27,AEROFLEX,190.02,192.24,183.33,185.28,2520254,466941902.15
2026-04-28,AEROFLEX,182.65,183.84,178.51,178.7,2219389,396596382.87
2026-04-29,AEROFLEX,178.35,184.81,174.58,184.46,1279700,236057950.79
2026-04-30,AEROFLEX,184.25,184.62,178.34,179.24,2453262,439730127.35
2026-05-04,AEROFLEX,179.74,188.14,179.56,186.53,1563081,291568699.6
2026-05-05,AEROFLEX,185.79,189.73,185.37,187.51,1323179,248109413.89
2026-05-06,AEROFLEX,186.42,186.86,185.83,186.57,1629643,304039718.67
2026-05-07,AEROFLEX,186.6,187.58,181.44,183.84,1151784,211746661.84
2026-05-08,AEROFLEX,184.51,185.89,178.77,179.83,2022652,363726233.47
2026-05-11,AEROFLEX,180.05,183.1,179.22,182.76,1366135,249672956.34
2026-05-12,AEROFLEX,183.79,186.86,182.7,185.86,1417092,263377094.82
2026-05-13,AEROFLEX,185.41,185.53,180.82,181.18,1505458,272753830.62
2026-05-14,AEROFLEX,181.42,182.05,179.63,180.36,1934430,348898590.31
2026-05-15,AEROFLEX,179.94,182.35,177.86,180.92,2171383,392839775.04
2026-05-18,AEROFLEX,182.04,182.22,178.92,179.76,2174633,390920891.83
2026-05-19,AEROFLEX,179.73,183.89,178.88,183.0,2226031,407361230.79
2026-05-20,AEROFLEX,183.7,183.89,179.91,181.62,1871890,339971541.36
2026-05-21,AEROFLEX,181.72,185.61,180.97,184.13,1003223,184721169.61
2026-05-22,AEROFLEX,186.07,187.25,177.53,177.54,2039663,362115763.61
2026-05-25,AEROFLEX,177.55,184.51,177.48,182.77,1983794,362575506.57
2026-05-26,AEROFLEX,182.66,184.95,182.14,183.36,2468819,452677983.05
2026-05-27,AEROFLEX,183.39,185.39,179.88,180.89,2223830,402278688.81
2026-05-28,AEROFLEX,181.01,181.81,170.42,170.95,1827296,312369684.41
2026-05-29,AEROFLEX,171.03,172.54,168.07,168.41,2304842,388161884.11
2026-06-01,AEROFLEX,168.1,170.85,167.21,170.32,1138940,193982707.16
2026-06-02,AEROFLEX,171.41,172.32,164.91,165.86,1969811,326722100.65
2026-06-03,AEROFLEX,165.06,168.68,163.71,168.33,1179006,198461645.7
2026-06-04,AEROFLEX,168.12,169.5,163.83,164.88,1146092,188967321.12
2026-06-05,AEROFLEX,164.9,169.08,163.93,169.05,2450197,414205507.56
2026-06-08,AEROFLEX,169.71,169.74,160.57,162.12,1711456,277469181.18
2026-06-09,AEROFLEX,162.1,166.23,160.58,165.78,1497417,248244132.46
2026-06-10,AEROFLEX,165.53,175.15,164.67,174.14,1733972,301946856.18
2026-06-11,AEROFLEX,173.87,175.1,171.26,171.98,1694115,291348584.68
2026-06-12,AEROFLEX,170.3,176.47,169.29,173.62,1673468,290546628.85
2026-06-15,AEROFLEX,173.95,175.14,172.32,173.45,1689624,293062495.79
2026-06-16,AEROFLEX,174.01,176.0,170.71,171.28,1505807,257914336.5
2026-06-17,AEROFLEX,171.54,172.02,166.58,167.13,2333016,389928337.52
2026-06-18,AEROFLEX,166.4,172.1,166.03,171.24,1178275,201768933.95
2026-06-19,AEROFLEX,170.1,172.22,169.83,171.29,1824067,312442915.5
2026-06-22,AEROFLEX,170.39,175.48,168.77,174.27,1063052,185261860.65
2026-06-23,AEROFLEX,175.57,176.71,173.92,174.57,1422327,248297774.13
2026-06-24,AEROFLEX,174.0,180.11,173.9,178.96,1010555,180844814.52
2026-06-25,AEROFLEX,178.17,178.73,177.33,178.46,2220946,396349445.45
2026-06-26,AEROFLEX,177.99,178.79,170.95,171.61,1773780,304390391.75
2026-06-29,AEROFLEX,171.4,179.12,170.56,178.96,1816952,325170194.03
2026-06-30,AEROFLEX,179.81,182.1,179.61,181.91,1221744,222250898.68
2026-07-01,AEROFLEX,181.16,183.14,177.62,178.63,1737784,310423028.71
2026-07-02,AEROFLEX,178.6,179.6,177.85,179.39,1066890,191387594.16
2026-07-03,AEROFLEX,180.52,184.26,178.04,179.68,1246495,223965059.4
2026-07-06,AEROFLEX,178.76,180.68,177.24,177.85,1162361,206729631.36
2026-07-07,AEROFLEX,178.4,180.94,177.81,179.87,1207603,217206121.32
2026-07-08,AEROFLEX,181.1,184.48,180.41,183.23,1358654,248941884.7
2026-07-09,AEROFLEX,183.68,183.98,181.36,181.97,1604321,291942554.11
2026-07-10,AEROFLEX,182.55,184.07,180.77,182.86,1603910,293296434.38
2026-07-13,AEROFLEX,182.26,183.36,180.85,182.99,1524303,278936607.94
2026-07-14,AEROFLEX,183.55,185.93,182.05,185.35,1559270,289009412.67
2026-07-15,AEROFLEX,184.94,188.12,184.04,186.77,1549030,289309892.73
2026-07-16,AEROFLEX,186.0,188.6,184.03,187.82,1876170,352379030.9
2026-07-17,AEROFLEX,188.62,189.26,186.65,188.35,2284753,430331866.51
2026-07-20,AEROFLEX,189.57,195.65,189.1,193.08,2151609,415434282.5
2026-07-21,AEROFLEX,193.43,194.44,187.94,189.28,1115730,211185315.53
2026-07-22,AEROFLEX,189.14,190.8,181.79,185.03,1939514,358876766.67
2026-07-23,AEROFLEX,185.47,188.97,185.06,188.41,2297713,432915783.95
2026-07-24,AEROFLEX,189.57,191.06,186.46,188.57,1523217,287237607.06
2026-07-27,AEROFLEX,189.7,198.19,188.51,196.21,1545701,303282184.2
2026-07-28,AEROFLEX,196.64,197.01,193.05,195.0,2159733,421158690.29
2026-07-29,AEROFLEX,195.66,197.32,191.64,191.94,1650016,316706852.83
2026-07-30,AEROFLEX,192.42,192.92,190.34,191.92,2452395,470656855.52
2026-07-31,AEROFLEX,191.54,195.35,190.27,194.84,1111286,216519648.36
2026-08-03,AEROFLEX,195.93,196.39,189.47,191.7,1732094,332039173.72
2026-08-04,AEROFLEX,192.95,196.15,188.49,189.94,1549985,294404118.71
2026-08-05,AEROFLEX,190.05,195.41,186.67,194.8,2018495,393212531.09
2026-08-06,AEROFLEX,193.87,194.09,191.28,191.71,1874043,359276546.22
2026-08-07,AEROFLEX,191.78,192.07,187.45,191.1,1825496,348857032.8
2026-08-10,AEROFLEX,190.89,192.23,185.32,188.96,1064112,201069367.17
2026-08-11,AEROFLEX,191.9,193.14,190.23,191.53,1242516,237973978.71
2026-08-12,AEROFLEX,190.22,192.58,188.96,191.09,1979132,378182448.35
2026-08-13,AEROFLEX,191.55,195.99,191.33,194.84,1405327,273819759.9
2026-08-14,AEROFLEX,195.12,196.07,195.09,195.2,1861756,363415440.46
2026-08-17,AEROFLEX,197.19,197.44,187.36,187.96,1082935,203549825.24
2026-08-18,AEROFLEX,187.76,191.48,180.27,182.72,1881700,343821901.19
2026-08-19,AEROFLEX,182.32,184.2,179.45,179.47,2008125,360399936.19
2026-08-20,AEROFLEX,179.3,181.59,178.01,181.26,1801255,326490247.9
2026-08-21,AEROFLEX,180.63,190.98,180.08,188.53,1414748,266724210.84
2026-08-24,AEROFLEX,188.66,190.93,185.05,185.82,2053508,381592544.71
2026-08-25,AEROFLEX,185.8,187.47,178.77,179.03,2039314,365107648.99
2026-08-26,AEROFLEX,179.29,179.76,177.41,178.46,1468520,262077255.32
2026-08-27,AEROFLEX,178.48,181.09,177.88,180.88,2305488,417028149.48
2026-08-28,AEROFLEX,180.49,183.23,175.12,176.89,2396359,423900142.08
2026-08-31,AEROFLEX,178.32,178.34,176.73,177.13,1072648,190003399.43
2026-09-01,AEROFLEX,175.69,176.97,174.44,175.88,1895073,333310378.45
2026-09-02,AEROFLEX,175.97,176.72,174.51,176.66,2178983,384937317.93
2026-09-03,AEROFLEX,178.47,184.87,178.16,182.34,1015200,185112596.7
2026-09-04,AEROFLEX,184.46,185.65,183.72,185.63,1080931,200648442.19
2026-09-07,AEROFLEX,185.79,190.75,185.38,189.8,1278042,242571020.89
2026-09-08,AEROFLEX,191.42,191.59,184.68,185.2,1392297,257846891.47
2026-09-09,AEROFLEX,185.32,187.59,184.43,186.39,1068204,199099596.87
2026-09-10,AEROFLEX,186.45,187.99,183.23,183.96,1982656,364736426.55
2026-09-11,AEROFLEX,184.7,184.82,182.71,184.22,1178639,217126913.2
2026-09-14,AEROFLEX,186.56,186.62,180.72,182.77,2450543,447890434.27
2026-09-16,AEROFLEX,181.04,182.12,176.64,178.86,1444335,258333286.52
2026-09-17,AEROFLEX,178.47,178.84,174.46,174.56,1325200,231324207.84
2026-09-18,AEROFLEX,175.09,175.16,171.51,172.65,998109,172327796.54
2026-09-21,AEROFLEX,172.74,173.86,171.57,173.26,1063530,184264364.28
2026-09-22,AEROFLEX,173.63,175.08,171.64,175.02,1342376,234941554.77
2026-09-23,AEROFLEX,175.66,177.65,174.73,176.67,2206605,389840498.63
2026-09-24,AEROFLEX,177.6,177.88,173.78,175.46,2375071,416729834.97
2026-09-25,AEROFLEX,175.27,176.32,174.75,175.21,1692986,296624330.71
2026-09-28,AEROFLEX,175.58,175.63,169.09,171.49,1115700,191335328.76
2025-09-01,TDPOWERSYS,340.02,345.27,331.33,333.13,1180855,393373468.6
2025-09-02,TDPOWERSYS,333.15,335.27,330.25,332.84,1022267,340252446.61
2025-09-03,TDPOWERSYS,331.92,334.97,326.49,327.16,1011977,331082317.81
2025-09-04,TDPOWERSYS,330.11,334.11,325.22,330.66,1221923,404044314.18
2025-09-05,TDPOWERSYS,331.04,335.77,327.34,333.67,1228866,410030070.67
2025-09-08,TDPOWERSYS,334.02,336.48,327.12,331.72,1128724,374416368.76
2025-09-09,TDPOWERSYS,334.1,336.48,326.59,330.62,1519930,502519767.35
2025-09-10,TDPOWERSYS,332.15,333.03,324.52,325.85,1587585,517310700.49
2025-09-11,TDPOWERSYS,329.82,336.51,326.57,331.97,1471712,488570493.25
2025-09-12,TDPOWERSYS,332.08,332.36,323.3,326.11,1603708,522984768.42
2025-09-15,TDPOWERSYS,325.47,332.88,323.36,330.83,685866,226906368.67
2025-09-16,TDPOWERSYS,329.99,334.2,326.83,332.83,1160329,386191462.78
2025-09-17,TDPOWERSYS,333.39,334.47,322.94,329.65,1200222,395658532.45
2025-09-18,TDPOWERSYS,330.34,331.93,324.86,327.37,1215561,397942449.13
2025-09-19,TDPOWERSYS,330.1,331.15,321.06,323.3,1183752,382711530.84
2025-09-22,TDPOWERSYS,325.25,325.72,313.31,315.43,735887,232119340.56
2025-09-23,TDPOWERSYS,314.94,324.73,311.27,324.66,1561068,506815387.18
2025-09-24,TDPOWERSYS,322.13,324.24,320.32,321.41,739324,237628964.21
2025-09-25,TDPOWERSYS,322.72,324.14,317.63,319.35,1074960,343290082.44
2025-09-26,TDPOWERSYS,317.54,318.59,313.05,314.91,1232295,388057914.79
2025-09-29,TDPOWERSYS,313.73,314.88,303.26,303.97,1420410,431755676.48
2025-09-30,TDPOWERSYS,302.72,313.44,301.39,310.73,899982,279647432.33
2025-10-01,TDPOWERSYS,312.23,313.9,308.21,312.99,1186716,371434275.34
2025-10-03,TDPOWERSYS,314.09,315.12,304.56,306.48,1356526,415754443.57
2025-10-06,TDPOWERSYS,303.3,311.77,300.68,310.09,1467741,455137870.64
2025-10-07,TDPOWERSYS,310.74,322.49,307.35,319.38,1473498,470602526.91
2025-10-08,TDPOWERSYS,316.62,324.85,313.1,323.07,957505,309343981.69
2025-10-09,TDPOWERSYS,322.8,331.23,320.84,331.02,1323222,438017709.32
2025-10-10,TDPOWERSYS,329.4,336.61,328.72,335.84,1072043,360038677.9
2025-10-13,TDPOWERSYS,334.41,337.37,331.79,335.33,1436191,481601007.61
2025-10-14,TDPOWERSYS,332.92,347.84,331.18,347.11,740270,256957206.45
2025-10-15,TDPOWERSYS,346.73,347.27,336.49,337.96,812948,274740430.93
2025-10-16,TDPOWERSYS,338.11,342.69,335.5,342.21,1527520,522728924.47
2025-10-17,TDPOWERSYS,342.19,345.13,341.6,343.7,1661071,570915748.79
2025-10-20,TDPOWERSYS,342.51,347.48,332.59,334.02,736963,246160971.42
2025-10-23,TDPOWERSYS,336.01,338.09,334.49,335.83,816087,274065037.26
2025-10-24,TDPOWERSYS,334.71,342.8,333.89,341.61,983491,335969192.74
2025-10-27,TDPOWERSYS,342.34,347.0,333.9,335.4,1400024,469571002.0
2025-10-28,TDPOWERSYS,335.36,337.67,334.05,337.25,1140143,384507619.57
2025-10-29,TDPOWERSYS,337.3,338.96,324.4,325.38,1605900,522529026.62
2025-10-30,TDPOWERSYS,325.96,331.38,325.44,328.03,958256,314337145.75
2025-10-31,TDPOWERSYS,326.55,331.27,317.96,318.66,1629240,519168018.39
2025-11-03,TDPOWERSYS,318.19,319.95,315.2,315.31,761520,240112288.39
2025-11-04,TDPOWERSYS,312.95,317.91,312.19,314.48,1402757,441137812.35
2025-11-06,TDPOWERSYS,313.2,315.88,302.57,304.32,701905,213605201.43
2025-11-07,TDPOWERSYS,304.22,305.27,296.79,298.56,1140474,340500694.52
2025-11-10,TDPOWERSYS,298.59,302.46,297.3,301.2,866529,260996333.6
2025-11-11,TDPOWERSYS,303.73,305.78,296.46,296.51,1570617,465705961.17
2025-11-12,TDPOWERSYS,294.98,297.53,293.73,294.61,1635776,481922340.53
2025-11-13,TDPOWERSYS,291.41,293.04,287.42,287.79,880009,253260246.4
2025-11-14,TDPOWERSYS,285.67,294.75,285.1,293.68,1295106,380347266.14
2025-11-17,TDPOWERSYS,294.14,296.93,283.01,283.91,1238196,351535915.58
2025-11-18,TDPOWERSYS,284.75,285.22,282.51,284.16,995693,282933325.31
2025-11-19,TDPOWERSYS,285.75,286.95,282.15,283.33,1432619,405910421.49
2025-11-20,TDPOWERSYS,282.24,289.5,279.88,288.04,1123408,323586373.01
2025-11-21,TDPOWERSYS,286.34,286.42,282.6,285.31,1118408,319096849.35
2025-11-24,TDPOWERSYS,281.88,287.98,280.93,284.66,852290,242616971.78
2025-11-25,TDPOWERSYS,284.17,287.01,282.78,285.44,1516963,433003589.93
2025-11-26,TDPOWERSYS,284.69,286.28,270.21,272.29,824951,224624651.15
2025-11-27,TDPOWERSYS,271.99,279.19,268.14,276.21,1601507,442352202.5
2025-11-28,TDPOWERSYS,277.78,286.6,276.71,286.37,1310669,375337222.82
2025-12-01,TDPOWERSYS,288.37,293.1,287.73,291.63,1084283,316210519.77
2025-12-02,TDPOWERSYS,291.24,291.27,277.9,281.47,964914,271598908.22
2025-12-03,TDPOWERSYS,281.83,283.93,281.54,283.19,1226217,347248874.89
2025-12-04,TDPOWERSYS,283.73,284.67,280.04,280.7,669329,187881321.11
2025-12-05,TDPOWERSYS,283.0,283.41,280.02,280.07,1484244,415688304.51
2025-12-08,TDPOWERSYS,277.08,286.1,274.79,283.42,1623498,460124337.33
2025-12-09,TDPOWERSYS,284.47,284.78,270.55,271.48,952798,258664311.84
2025-12-10,TDPOWERSYS,269.84,281.72,269.54,278.57,1262273,351634446.88
2025-12-11,TDPOWERSYS,277.66,283.03,274.11,278.15,1412134,392786074.48
2025-12-12,TDPOWERSYS,279.01,282.59,278.87,280.94,1500107,421433401.24
2025-12-15,TDPOWERSYS,282.12,284.49,273.07,278.71,809264,225553801.03
2025-12-16,TDPOWERSYS,277.62,281.62,273.1,274.99,1578226,433997004.54
2025-12-17,TDPOWERSYS,272.9,282.26,271.53,281.13,1006317,282903955.69
2025-12-18,TDPOWERSYS,277.96,285.98,276.22,284.46,1470488,418295856.43
2025-12-19,TDPOWERSYS,283.59,286.13,280.27,280.3,894886,250839576.48
2025-12-22,TDPOWERSYS,279.4,280.16,275.78,279.42,1481588,413984458.19
2025-12-23,TDPOWERSYS,282.91,285.3,278.05,278.84,1328567,370452463.89
2025-12-24,TDPOWERSYS,276.57,285.32,271.84,282.31,1501291,423826731.98
2025-12-26,TDPOWERSYS,279.95,285.25,278.9,280.68,1448124,406456604.07
2025-12-29,TDPOWERSYS,279.02,292.55,277.37,289.19,669553,193628168.62
2025-12-30,TDPOWERSYS,287.09,289.27,284.68,289.09,1596878,461642465.3
2025-12-31,TDPOWERSYS,284.58,285.06,279.16,279.75,900611,251946227.79
2026-01-01,TDPOWERSYS,280.72,283.16,278.58,280.13,782392,219173591.19
2026-01-02,TDPOWERSYS,280.26,282.99,278.18,278.2,835316,232380961.08
2026-01-05,TDPOWERSYS,275.47,276.95,273.09,273.51,1162361,317918328.18
2026-01-06,TDPOWERSYS,271.77,277.04,267.34,275.19,1401554,385696486.7
2026-01-07,TDPOWERSYS,274.2,282.64,268.19,281.2,1309596,368252358.07
2026-01-08,TDPOWERSYS,282.53,283.04,272.63,273.73,778403,213068745.51
2026-01-09,TDPOWERSYS,271.34,280.4,270.74,279.49,658159,183946939.09
2026-01-12,TDPOWERSYS,280.45,281.54,271.74,272.45,1072865,292300430.88
2026-01-13,TDPOWERSYS,272.75,277.51,271.92,274.72,1176049,323084252.89
2026-01-14,TDPOWERSYS,274.15,277.74,273.82,275.85,773692,213421946.08
2026-01-15,TDPOWERSYS,275.98,282.38,270.34,281.23,720653,202666622.47
2026-01-16,TDPOWERSYS,279.56,279.75,276.33,276.71,1118700,309556578.67
2026-01-19,TDPOWERSYS,277.37,281.18,272.04,272.25,1532629,417259109.56
2026-01-20,TDPOWERSYS,273.76,280.55,272.73,279.76,918811,257048639.68
2026-01-21,TDPOWERSYS,280.18,282.51,278.59,280.75,1100522,308969890.68
2026-01-22,TDPOWERSYS,281.57,288.45,280.34,287.71,1487672,428020084.03
2026-01-23,TDPOWERSYS,289.67,291.43,269.46,273.27,1392984,380660440.97
2026-01-27,TDPOWERSYS,271.6,284.63,269.4,282.21,701797,198052447.1
2026-01-28,TDPOWERSYS,283.8,285.79,279.95,281.77,1141278,321575959.05
2026-01-29,TDPOWERSYS,283.0,283.88,280.06,280.6,1134185,318253417.98
2026-01-30,TDPOWERSYS,278.53,281.96,275.33,280.86,1444161,405610877.34
2026-02-02,TDPOWERSYS,281.88,282.25,275.76,277.41,1036172,287444828.85
2026-02-03,TDPOWERSYS,277.47,291.59,271.2,290.1,1163626,337571193.74
2026-02-04,TDPOWERSYS,289.43,295.23,289.14,292.69,1429961,418535894.27
2026-02-05,TDPOWERSYS,292.19,294.54,287.8,287.91,1601075,460970838.5
2026-02-06,TDPOWERSYS,286.85,290.79,282.03,285.16,1459025,416048943.36
2026-02-09,TDPOWERSYS,284.92,285.07,274.98,278.87,799153,222863387.58
2026-02-10,TDPOWERSYS,281.67,285.67,281.35,285.02,1578917,450018452.98
2026-02-11,TDPOWERSYS,283.96,284.19,281.81,283.19,658306,186428027.55
2026-02-12,TDPOWERSYS,283.09,287.66,279.18,280.41,1131512,317285457.91
2026-02-13,TDPOWERSYS,280.83,287.31,276.56,285.55,1484274,423830662.56
2026-02-16,TDPOWERSYS,285.93,286.22,275.74,276.51,1528465,422631431.92
2026-02-17,TDPOWERSYS,275.92,279.7,275.34,278.69,975751,271934178.71
2026-02-18,TDPOWERSYS,278.79,282.42,274.95,275.77,842953,232459123.87
2026-02-19,TDPOWERSYS,274.09,278.93,273.26,273.76,975801,267139783.98
2026-02-20,TDPOWERSYS,274.22,274.61,273.38,274.49,1540942,422965512.08
2026-02-23,TDPOWERSYS,274.1,275.37,268.8,271.87,1230285,334475406.98
2026-02-24,TDPOWERSYS,272.58,279.32,265.39,265.99,937868,249463064.37
2026-02-25,TDPOWERSYS,266.26,266.3,262.3,264.36,812672,214841543.49
2026-02-26,TDPOWERSYS,264.09,265.99,253.09,253.78,1087550,275994468.35
2026-02-27,TDPOWERSYS,253.36,257.65,251.63,256.59,1453547,372958414.16
2026-03-02,TDPOWERSYS,256.92,258.12,247.62,247.99,1657520,411052202.02
2026-03-04,TDPOWERSYS,247.6,249.92,247.44,248.67,899627,223709578.84
2026-03-05,TDPOWERSYS,252.19,252.98,241.54,241.89,846395,204738030.8
2026-03-06,TDPOWERSYS,240.88,245.73,238.37,245.13,868269,212834493.34
2026-03-09,TDPOWERSYS,245.46,247.13,233.28,235.68,1192871,281138977.53
2026-03-10,TDPOWERSYS,236.38,236.58,231.63,235.29,1171419,275617780.57
2026-03-11,TDPOWERSYS,233.29,237.54,232.8,234.08,1607858,376364391.09
2026-03-12,TDPOWERSYS,233.95,239.75,232.58,233.07,820550,191241696.61
2026-03-13,TDPOWERSYS,233.88,238.43,229.81,234.84,1515037,355792777.49
2026-03-16,TDPOWERSYS,234.42,239.49,224.87,225.29,841591,189600886.86
2026-03-17,TDPOWERSYS,226.05,228.07,225.58,226.65,1264809,286673743.54
2026-03-18,TDPOWERSYS,227.43,228.91,216.59,216.9,1088229,236036430.08
2026-03-19,TDPOWERSYS,217.55,225.4,217.06,224.23,1643778,368591234.24
2026-03-20,TDPOWERSYS,222.36,222.55,221.94,222.0,1474926,327440039.48
2026-03-23,TDPOWERSYS,222.33,222.89,213.98,215.13,903605,194393550.54
2026-03-24,TDPOWERSYS,214.68,219.31,212.2,216.02,1019540,220237901.06
2026-03-25,TDPOWERSYS,214.82,221.31,211.62,218.76,1104242,241569050.77
2026-03-27,TDPOWERSYS,218.17,226.97,216.43,221.78,959538,212805108.19
2026-03-30,TDPOWERSYS,222.47,224.09,215.65,218.4,1072723,234284571.23
2026-03-31,TDPOWERSYS,217.84,218.36,208.78,209.84,1325534,278143530.7
2026-04-01,TDPOWERSYS,210.84,213.16,205.03,205.32,863302,177257086.94
2026-04-02,TDPOWERSYS,204.61,205.68,202.43,203.06,1300584,264096761.14
2026-04-06,TDPOWERSYS,204.31,205.1,195.45,198.25,909844,180378194.8
2026-04-07,TDPOWERSYS,198.57,202.39,193.32,195.49,921928,180230873.18
2026-04-08,TDPOWERSYS,195.76,201.32,195.01,199.1,910940,181371551.58
2026-04-09,TDPOWERSYS,198.75,199.12,190.05,191.14,1029565,196792889.93
2026-04-10,TDPOWERSYS,190.78,196.94,188.38,195.08,989495,193032256.1
2026-04-13,TDPOWERSYS,196.15,196.26,191.43,195.37,1329288,259702305.93
2026-04-15,TDPOWERSYS,194.71,195.0,186.87,188.53,1154847,217721330.12
2026-04-16,TDPOWERSYS,187.68,195.14,187.55,194.35,1259816,244846305.45
2026-04-17,TDPOWERSYS,194.44,197.01,192.47,194.09,1229438,238621284.36
2026-04-20,TDPOWERSYS,193.02,198.47,192.77,196.5,776350,152553931.86
2026-04-21,TDPOWERSYS,195.46,197.42,194.51,197.24,982153,193715400.07
2026-04-22,TDPOWERSYS,197.4,201.67,196.76,199.78,939639,187721447.86
2026-04-23,TDPOWERSYS,199.1,202.88,198.25,202.62,1164519,235959219.86
2026-04-24,TDPOWERSYS,203.07,210.94,200.5,208.89,1245642,260201265.37
2026-04-27,TDPOWERSYS,209.63,217.51,209.29,216.91,770419,167109479.28
2026-04-28,TDPOWERSYS,215.23,217.94,213.8,217.09,1453292,315488076.67
2026-04-29,TDPOWERSYS,215.22,217.35,212.24,212.97,711228,151467214.54
2026-04-30,TDPOWERSYS,212.99,214.88,211.61,213.66,1494690,319355117.22
2026-05-04,TDPOWERSYS,213.79,217.8,212.12,214.82,1122764,241190951.31
2026-05-05,TDPOWERSYS,217.08,217.14,209.52,211.85,1187740,251621380.05
2026-05-06,TDPOWERSYS,212.69,215.64,212.14,214.32,1383529,296514646.04
2026-05-07,TDPOWERSYS,214.32,219.45,210.63,218.25,799812,174561450.78
2026-05-08,TDPOWERSYS,216.94,220.37,216.54,219.58,1368114,300408533.61
2026-05-11,TDPOWERSYS,221.36,224.89,215.13,215.81,1074430,231870582.83
2026-05-12,TDPOWERSYS,217.69,218.56,215.32,216.62,1561082,338167032.66
2026-05-13,TDPOWERSYS,217.19,218.69,212.61,212.9,975260,207636920.12
2026-05-14,TDPOWERSYS,213.5,216.06,207.23,209.15,864154,180733601.64
2026-05-15,TDPOWERSYS,208.57,208.93,204.39,205.77,898892,184961371.55
2026-05-18,TDPOWERSYS,205.2,207.01,198.56,198.87,1225748,243758597.11
2026-05-19,TDPOWERSYS,198.01,204.24,197.7,200.74,1555908,312331259.42
2026-05-20,TDPOWERSYS,200.6,204.29,197.94,204.17,1263838,258037510.75
2026-05-21,TDPOWERSYS,204.29,206.04,200.72,203.17,706249,143485300.13
2026-05-22,TDPOWERSYS,202.74,204.31,199.65,203.17,916647,186233943.09
2026-05-25,TDPOWERSYS,202.26,207.51,202.15,205.17,974656,199969055.34
2026-05-26,TDPOWERSYS,205.33,206.29,201.51,202.69,1416866,287190701.28
2026-05-27,TDPOWERSYS,203.93,209.97,203.35,206.34,687926,141944903.94
2026-05-28,TDPOWERSYS,206.92,215.1,206.91,211.32,931669,196875940.89
2026-05-29,TDPOWERSYS,212.39,217.35,210.94,216.72,1433647,310703892.89
2026-06-01,TDPOWERSYS,216.9,223.9,212.06,220.78,1237997,273326337.41
2026-06-02,TDPOWERSYS,221.58,222.23,216.93,221.15,744304,164605625.43
2026-06-03,TDPOWERSYS,222.07,226.38,220.12,224.36,1503048,337227936.49
2026-06-04,TDPOWERSYS,222.67,227.21,221.86,226.87,1071352,243057869.19
2026-06-05,TDPOWERSYS,228.35,229.7,220.39,222.67,1011055,225135454.93
2026-06-08,TDPOWERSYS,223.03,231.3,222.79,229.06,682894,156423071.5
2026-06-09,TDPOWERSYS,228.31,229.7,223.73,223.9,1621613,363071690.02
2026-06-10,TDPOWERSYS,223.85,226.48,223.68,225.14,654268,147301565.94
2026-06-11,TDPOWERSYS,225.42,228.21,225.2,226.93,1201812,272732388.8
2026-06-12,TDPOWERSYS,227.03,227.46,221.17,222.45,1581325,351758687.03
2026-06-15,TDPOWERSYS,221.22,225.45,219.93,225.12,815953,183690874.19
2026-06-16,TDPOWERSYS,226.32,230.55,220.15,221.68,823438,182536641.87
2026-06-17,TDPOWERSYS,222.86,224.56,217.59,218.39,1350395,294908359.06
2026-06-18,TDPOWERSYS,217.26,219.18,215.81,217.75,915976,199451757.92
2026-06-19,TDPOWERSYS,216.41,220.09,215.07,219.73,1376092,302373947.2
2026-06-22,TDPOWERSYS,221.38,226.01,218.8,224.54,753774,169255698.43
2026-06-23,TDPOWERSYS,226.58,228.4,223.35,224.85,979600,220267329.04
2026-06-24,TDPOWERSYS,224.21,229.53,222.5,229.45,1113228,255425154.25
2026-06-25,TDPOWERSYS,229.28,231.71,216.89,220.79,872425,192626618.73
2026-06-26,TDPOWERSYS,219.82,229.9,218.29,228.49,687374,157058943.11
2026-06-29,TDPOWERSYS,228.1,228.67,224.7,225.72,1520103,343123000.0
2026-06-30,TDPOWERSYS,224.69,225.43,221.88,225.26,907267,204370924.97
2026-07-01,TDPOWERSYS,226.26,228.64,214.49,217.58,1390629,302568187.39
2026-07-02,TDPOWERSYS,217.41,222.49,216.65,222.2,1220479,271189651.29
2026-07-03,TDPOWERSYS,221.76,225.73,215.38,217.01,1354214,293871439.31
2026-07-06,TDPOWERSYS,216.67,224.0,213.29,220.94,717370,158499211.89
2026-07-07,TDPOWERSYS,220.78,228.39,220.1,226.35,1152491,260870821.42
2026-07-08,TDPOWERSYS,225.14,232.19,223.41,230.95,1154165,266551539.72
2026-07-09,TDPOWERSYS,229.12,230.05,222.99,223.67,849351,189971142.96
2026-07-10,TDPOWERSYS,222.44,226.52,218.31,221.62,1315383,291517510.67
2026-07-13,TDPOWERSYS,220.28,232.04,217.0,228.1,1554002,354469896.32
2026-07-14,TDPOWERSYS,226.61,228.23,223.36,226.33,802254,181571867.63
2026-07-15,TDPOWERSYS,226.35,233.16,221.12,232.3,1514188,351745251.64
2026-07-16,TDPOWERSYS,234.48,235.46,231.51,232.12,1237124,287162824.06
2026-07-17,TDPOWERSYS,231.11,231.95,226.92,229.28,1150660,263821916.21
2026-07-20,TDPOWERSYS,230.39,231.55,228.45,228.55,651207,148831343.08
2026-07-21,TDPOWERSYS,227.27,235.27,225.33,231.99,1374818,318939192.12
2026-07-22,TDPOWERSYS,232.56,233.56,228.47,229.65,1257212,288713868.35
2026-07-23,TDPOWERSYS,228.68,228.73,222.86,224.76,1245526,279949566.49
2026-07-24,TDPOWERSYS,222.29,225.86,219.89,223.38,1567707,350195917.29
2026-07-27,TDPOWERSYS,222.16,222.77,220.25,222.0,1391945,309015415.58
2026-07-28,TDPOWERSYS,222.34,223.41,221.3,221.55,1560075,345633806.07
2026-07-29,TDPOWERSYS,221.95,230.35,221.48,229.84,688160,158168149.22
2026-07-30,TDPOWERSYS,230.69,230.86,226.55,228.53,1258826,287675601.71
2026-07-31,TDPOWERSYS,228.01,230.29,227.24,228.39,1572387,359117157.78
2026-08-03,TDPOWERSYS,228.45,228.66,223.27,223.6,1394835,311887169.56
2026-08-04,TDPOWERSYS,224.32,225.51,218.29,220.08,872836,192097893.92
2026-08-05,TDPOWERSYS,219.74,226.44,217.16,226.0,1456503,329170197.77
2026-08-06,TDPOWERSYS,227.12,229.39,225.47,228.02,969815,221135022.89
2026-08-07,TDPOWERSYS,227.35,227.75,224.16,226.78,1575025,357179273.13
2026-08-10,TDPOWERSYS,226.15,229.34,225.64,228.21,1589437,362725816.12
2026-08-11,TDPOWERSYS,229.33,230.81,218.88,220.39,1355893,298830079.24
2026-08-12,TDPOWERSYS,219.53,230.06,217.62,228.8,1436163,328589390.46
2026-08-13,TDPOWERSYS,228.19,240.38,228.0,238.55,1156424,275869183.47
2026-08-14,TDPOWERSYS,239.1,243.22,238.19,240.47,1062841,255586411.22
2026-08-17,TDPOWERSYS,241.22,243.91,238.22,238.43,1009207,240625147.15
2026-08-18,TDPOWERSYS,239.28,239.63,232.68,233.12,749719,174771461.81
2026-08-19,TDPOWERSYS,232.6,236.46,232.51,236.2,1647717,389193345.5
2026-08-20,TDPOWERSYS,238.34,238.91,233.47,234.55,680599,159636975.2
2026-08-21,TDPOWERSYS,234.36,234.42,233.99,234.13,1465865,343209951.15
2026-08-24,TDPOWERSYS,232.92,233.14,224.47,227.35,1211439,275421462.16
2026-08-25,TDPOWERSYS,228.19,231.98,221.57,221.99,1106725,245684714.86
2026-08-26,TDPOWERSYS,224.1,226.92,214.25,215.25,1348110,290175045.14
2026-08-27,TDPOWERSYS,215.98,218.38,210.38,213.43,1025786,218935590.32
2026-08-28,TDPOWERSYS,213.27,213.9,205.24,206.0,756392,155815810.83
2026-08-31,TDPOWERSYS,207.31,210.6,205.49,210.31,1246140,262078682.7
2026-09-01,TDPOWERSYS,210.77,211.2,208.34,210.59,1245012,262188872.49
2026-09-02,TDPOWERSYS,210.46,211.2,206.69,208.81,851241,177745151.63
2026-09-03,TDPOWERSYS,208.77,215.37,206.15,215.37,960000,206754732.79
2026-09-04,TDPOWERSYS,214.65,216.2,208.02,209.38,823883,172502466.96
2026-09-07,TDPOWERSYS,209.65,211.12,202.15,202.63,1316569,266782382.32
2026-09-08,TDPOWERSYS,203.15,203.99,199.31,201.46,1638715,330140260.96
2026-09-09,TDPOWERSYS,200.42,207.25,199.4,207.0,1631489,337717197.02
2026-09-10,TDPOWERSYS,207.34,207.95,199.35,200.44,1306287,261837674.56
2026-09-11,TDPOWERSYS,200.31,202.76,199.43,202.39,906002,183361374.18
2026-09-14,TDPOWERSYS,202.52,208.21,201.7,207.29,1374753,284975757.84
2026-09-16,TDPOWERSYS,205.56,205.92,200.53,202.17,1139165,230306362.71
2026-09-17,TDPOWERSYS,200.82,201.03,196.43,196.94,1093563,215367773.74
2026-09-18,TDPOWERSYS,196.45,199.03,194.23,198.93,953104,189603680.93
2026-09-21,TDPOWERSYS,199.83,201.08,192.74,194.14,689928,133941605.78
2026-09-22,TDPOWERSYS,193.56,193.61,191.62,192.76,1020770,196760878.71
2026-09-23,TDPOWERSYS,193.69,195.39,191.01,191.96,1034002,198492033.85
2026-09-24,TDPOWERSYS,190.83,197.03,188.27,196.06,715995,140378340.42
2026-09-25,TDPOWERSYS,194.82,195.14,193.88,194.87,1325881,258379209.26
2026-09-28,TDPOWERSYS,194.51,194.75,192.52,193.05,809560,156286159.99
2025-09-01,RAMRAT,713.53,729.86,682.47,684.1,445267,304606407.14
2025-09-02,RAMRAT,680.98,698.78,679.38,697.42,344116,239992421.6
2025-09-03,RAMRAT,700.04,711.6,690.22,694.41,357330,248132205.99
2025-09-04,RAMRAT,703.08,705.03,695.17,703.75,671986,472910552.52
2025-09-05,RAMRAT,704.42,714.69,691.12,693.51,669996,464650404.31
2025-09-08,RAMRAT,694.83,700.38,674.82,681.26,309801,211054478.94
2025-09-09,RAMRAT,678.12,684.11,656.93,660.41,575370,379980242.24
2025-09-10,RAMRAT,659.56,680.44,656.97,673.6,338481,228001854.18
2025-09-11,RAMRAT,671.26,688.14,662.78,681.03,624673,425421766.21
2025-09-12,RAMRAT,679.99,680.78,668.46,672.24,542450,364656585.5
2025-09-15,RAMRAT,677.96,688.03,665.99,673.6,310748,209321359.81
2025-09-16,RAMRAT,676.32,682.38,668.16,669.67,505234,338342207.72
2025-09-17,RAMRAT,669.71,678.68,668.63,676.25,387128,261795771.31
2025-09-18,RAMRAT,677.81,692.27,671.0,683.84,311635,213108233.44
2025-09-19,RAMRAT,685.72,695.19,680.16,690.34,399080,275501354.21
2025-09-22,RAMRAT,686.81,688.35,669.83,684.47,521868,357205036.85
2025-09-23,RAMRAT,689.84,693.92,663.72,665.88,648448,431786424.13
2025-09-24,RAMRAT,669.73,671.86,662.23,666.21,394964,263130929.29
2025-09-25,RAMRAT,665.89,666.64,657.53,658.17,721753,475036969.83
2025-09-26,RAMRAT,661.83,665.46,650.04,657.42,674859,443663449.21
2025-09-29,RAMRAT,656.3,678.48,655.99,674.73,526377,355160830.28
2025-09-30,RAMRAT,674.07,694.39,667.12,693.18,382645,265242725.04
2025-10-01,RAMRAT,693.06,704.1,689.78,700.02,313739,219622358.32
2025-10-03,RAMRAT,698.37,728.5,691.91,727.58,390857,284379207.0
2025-10-06,RAMRAT,724.07,727.85,712.83,713.09,372676,265750191.43
2025-10-07,RAMRAT,713.96,715.5,701.2,709.96,540793,383942180.3
2025-10-08,RAMRAT,715.45,718.41,699.42,706.58,351374,248275503.67
2025-10-09,RAMRAT,702.42,712.69,698.93,704.41,570619,401947165.38
2025-10-10,RAMRAT,703.04,705.3,682.48,690.5,496872,343089596.76
2025-10-13,RAMRAT,690.7,695.74,672.75,675.02,419280,283024240.57
2025-10-14,RAMRAT,675.0,686.28,665.82,681.0,340636,231972691.58
2025-10-15,RAMRAT,681.69,685.41,666.72,671.89,574835,386228412.22
2025-10-16,RAMRAT,671.37,686.06,668.14,686.05,735085,504308052.42
2025-10-17,RAMRAT,694.17,708.12,692.92,700.06,300093,210082375.26
2025-10-20,RAMRAT,694.38,706.51,682.55,701.39,758111,531728923.85
2025-10-23,RAMRAT,694.2,696.27,685.61,693.68,654994,454359044.78
2025-10-24,RAMRAT,689.75,701.75,685.63,697.15,303753,211760433.21
2025-10-27,RAMRAT,694.49,698.71,690.59,692.77,391686,271347569.08
2025-10-28,RAMRAT,693.24,694.98,676.21,684.95,308726,211462190.46
2025-10-29,RAMRAT,691.1,695.82,668.35,671.95,604978,406514242.35
2025-10-30,RAMRAT,670.86,674.2,647.94,657.46,700924,460830970.44
2025-10-31,RAMRAT,656.33,665.0,654.56,661.03,624105,412553686.07
2025-11-03,RAMRAT,660.75,671.33,655.75,669.32,477435,319554770.76
2025-11-04,RAMRAT,670.32,674.78,665.14,668.51,765123,511492438.07
2025-11-06,RAMRAT,663.2,674.12,662.22,664.16,305506,202904351.71
2025-11-07,RAMRAT,661.09,667.72,654.95,656.08,707761,464349450.55
2025-11-10,RAMRAT,656.89,663.8,644.02,650.71,746659,485856214.41
2025-11-11,RAMRAT,653.23,662.35,648.55,662.19,406923,269460871.59
2025-11-12,RAMRAT,660.57,668.91,654.7,668.4,738387,493541126.14
2025-11-13,RAMRAT,668.88,671.89,663.93,669.13,497366,332804070.36
2025-11-14,RAMRAT,665.9,670.03,655.34,656.28,433343,284393365.56
2025-11-17,RAMRAT,652.74,668.24,646.85,662.95,448056,297040369.07
2025-11-18,RAMRAT,665.6,666.47,656.24,662.52,497317,329483391.25
2025-11-19,RAMRAT,658.67,662.26,658.5,660.08,506565,334372443.18
2025-11-20,RAMRAT,663.61,672.65,662.33,668.74,306803,205171702.47
2025-11-21,RAMRAT,669.69,697.32,667.22,686.54,362228,248684417.06
2025-11-24,RAMRAT,689.98,691.21,680.76,686.16,614434,421598325.91
2025-11-25,RAMRAT,689.88,695.57,676.13,693.72,674845,468156709.01
2025-11-26,RAMRAT,688.31,689.71,673.22,677.03,492069,333143283.12
2025-11-27,RAMRAT,674.03,698.88,670.36,698.06,660304,460930889.87
2025-11-28,RAMRAT,699.38,701.01,689.72,693.82,711793,493859553.41
2025-12-01,RAMRAT,690.26,741.04,688.09,731.04,482681,352858913.11
2025-12-02,RAMRAT,728.13,731.97,709.32,711.72,331103,235654121.24
2025-12-03,RAMRAT,713.57,716.46,699.06,700.06,424922,297472697.06
2025-12-04,RAMRAT,701.07,706.94,692.62,705.82,518853,366219080.45
2025-12-05,RAMRAT,707.56,722.52,706.67,710.79,695619,494436505.44
2025-12-08,RAMRAT,710.74,712.69,708.43,711.33,552852,393257725.71
2025-12-09,RAMRAT,712.8,724.97,683.15,684.7,494492,338578304.75
2025-12-10,RAMRAT,686.16,695.03,679.63,694.1,489643,339863219.94
2025-12-11,RAMRAT,696.96,701.82,679.19,680.96,494384,336653344.08
2025-12-12,RAMRAT,679.7,679.76,671.19,678.44,696117,472273193.64
2025-12-15,RAMRAT,677.54,683.41,675.26,679.69,431245,293112384.97
2025-12-16,RAMRAT,683.76,702.91,679.95,693.91,677626,470213368.65
2025-12-17,RAMRAT,698.77,707.37,683.26,691.97,686150,474793397.53
2025-12-18,RAMRAT,690.07,691.52,662.93,672.09,508925,342043968.34
2025-12-19,RAMRAT,671.67,676.56,658.49,662.18,390688,258704477.31
2025-12-22,RAMRAT,660.67,670.29,639.6,645.73,508815,328558145.92
2025-12-23,RAMRAT,646.31,656.47,622.24,629.7,315045,198383113.47
2025-12-24,RAMRAT,629.35,673.35,626.82,663.97,381559,253342865.57
2025-12-26,RAMRAT,661.98,681.51,661.92,673.45,326513,219891453.47
2025-12-29,RAMRAT,672.03,673.61,653.83,663.52,365784,242705267.98
2025-12-30,RAMRAT,659.62,673.63,650.27,668.66,446338,298448962.92
2025-12-31,RAMRAT,668.26,669.86,661.27,668.22,606975,405594205.68
2026-01-01,RAMRAT,669.68,698.63,667.13,698.12,519251,362499431.97
2026-01-02,RAMRAT,698.56,710.9,693.24,707.99,409582,289978653.8
2026-01-05,RAMRAT,701.88,709.09,692.37,708.96,330134,234052733.11
2026-01-06,RAMRAT,711.17,725.99,704.06,720.38,498350,359001127.15
2026-01-07,RAMRAT,721.3,746.09,715.36,746.03,445212,332139442.41
2026-01-08,RAMRAT,748.68,754.61,734.31,736.09,637984,469610580.64
2026-01-09,RAMRAT,734.41,742.33,713.62,718.79,380906,273790731.89
2026-01-12,RAMRAT,721.83,734.52,703.22,708.22,758781,537382922.02
2026-01-13,RAMRAT,707.55,708.57,694.93,699.49,579352,405252428.63
2026-01-14,RAMRAT,692.82,692.96,676.24,679.9,534989,363737690.08
2026-01-15,RAMRAT,681.43,685.28,662.34,665.21,747416,497189503.03
2026-01-16,RAMRAT,667.01,672.76,657.43,660.82,528958,349544050.5
2026-01-19,RAMRAT,661.0,674.88,658.53,672.61,669648,450409868.24
2026-01-20,RAMRAT,669.31,672.75,665.51,669.92,421768,282549606.5
2026-01-21,RAMRAT,674.4,678.11,639.01,645.01,365431,235707218.67
2026-01-22,RAMRAT,647.61,651.74,630.77,640.53,519525,332770122.11
2026-01-23,RAMRAT,640.43,662.59,637.19,661.23,718337,474984076.88
2026-01-27,RAMRAT,666.89,672.41,654.41,655.85,535941,351496690.0
2026-01-28,RAMRAT,652.33,659.68,647.87,655.58,523758,343365295.1
2026-01-29,RAMRAT,659.35,660.67,651.06,652.72,486798,317741757.74
2026-01-30,RAMRAT,655.87,662.69,643.22,648.2,573172,371530085.66
2026-02-02,RAMRAT,642.15,663.85,640.91,660.48,763810,504479565.77
2026-02-03,RAMRAT,662.8,669.86,650.48,656.63,481876,316416050.48
2026-02-04,RAMRAT,652.52,660.87,644.05,647.4,538175,348413740.87
2026-02-05,RAMRAT,647.71,685.06,646.51,678.99,411773,279591573.54
2026-02-06,RAMRAT,679.41,686.47,668.85,682.35,319391,217936238.83
2026-02-09,RAMRAT,685.17,691.01,681.9,682.18,398807,272057188.7
2026-02-10,RAMRAT,679.81,684.79,666.91,684.18,681435,466221523.12
2026-02-11,RAMRAT,687.6,697.27,676.87,688.68,602661,415038500.96
2026-02-12,RAMRAT,687.87,699.52,683.27,697.33,300393,209473810.28
2026-02-13,RAMRAT,694.99,701.96,691.33,694.41,572674,397673348.99
2026-02-16,RAMRAT,694.2,699.73,685.54,688.73,621705,428183924.54
2026-02-17,RAMRAT,692.42,704.54,690.77,701.0,426091,298690833.11
2026-02-18,RAMRAT,700.99,703.32,693.35,698.04,569610,397609627.83
2026-02-19,RAMRAT,697.22,711.58,692.89,707.58,582800,412376076.24
2026-02-20,RAMRAT,712.32,731.79,700.44,726.73,760814,552903381.15
2026-02-23,RAMRAT,729.39,740.55,727.02,738.72,337639,249422319.24
2026-02-24,RAMRAT,728.66,770.47,721.36,769.15,565985,435329262.21
2026-02-25,RAMRAT,769.28,776.28,759.62,762.06,372191,283631951.62
2026-02-26,RAMRAT,768.29,785.27,766.73,784.91,404972,317868246.71
2026-02-27,RAMRAT,781.06,802.8,773.41,792.62,339609,269180631.91
2026-03-02,RAMRAT,796.04,798.52,777.61,789.79,481226,380065229.54
2026-03-04,RAMRAT,788.15,804.27,778.55,801.31,427065,342212407.11
2026-03-05,RAMRAT,804.4,811.59,765.94,774.42,697555,540198991.22
2026-03-06,RAMRAT,775.67,790.58,764.96,789.67,509576,402399167.43
2026-03-09,RAMRAT,788.66,796.96,777.75,790.73,643543,508870410.92
2026-03-10,RAMRAT,791.2,792.69,775.37,781.24,427269,333800080.35
2026-03-11,RAMRAT,778.16,792.04,774.35,780.01,636113,496174345.68
2026-03-12,RAMRAT,784.61,789.21,753.73,761.37,597206,454694451.95
2026-03-13,RAMRAT,761.48,767.17,749.43,758.42,740277,561437652.68
2026-03-16,RAMRAT,763.13,768.47,759.15,763.7,457933,349725182.7
2026-03-17,RAMRAT,762.88,770.6,738.21,738.54,756735,558881728.41
2026-03-18,RAMRAT,741.74,744.57,729.91,739.84,593731,439265771.4
2026-03-19,RAMRAT,736.04,736.42,707.62,723.37,570056,412363202.69
2026-03-20,RAMRAT,718.28,719.55,711.8,712.53,347002,247248077.08
2026-03-23,RAMRAT,715.66,715.91,690.9,696.96,441614,307788041.18
2026-03-24,RAMRAT,698.19,703.66,666.95,667.82,765773,511397391.79
2026-03-25,RAMRAT,664.76,669.56,638.66,645.88,689017,445018974.49
2026-03-27,RAMRAT,644.7,671.26,641.15,666.77,366464,244348697.8
2026-03-30,RAMRAT,661.27,664.17,659.24,663.73,566204,375806218.3
2026-03-31,RAMRAT,665.8,666.83,657.57,664.54,317470,210970272.7
2026-04-01,RAMRAT,658.64,677.59,654.99,673.73,392666,264550846.25
2026-04-02,RAMRAT,678.29,695.77,665.75,667.87,417151,278600920.25
2026-04-06,RAMRAT,667.88,670.39,654.26,662.37,540807,358215260.77
2026-04-07,RAMRAT,659.93,682.92,656.02,679.19,637135,432737410.49
2026-04-08,RAMRAT,675.45,686.45,670.4,672.35,652291,438569203.93
2026-04-09,RAMRAT,671.0,672.46,662.25,662.55,404250,267835264.81
2026-04-10,RAMRAT,669.14,669.26,644.85,648.9,627548,407218594.11
2026-04-13,RAMRAT,649.03,664.66,647.75,662.1,737444,488261021.98
2026-04-15,RAMRAT,655.84,680.23,650.27,676.77,634112,429147207.05
2026-04-16,RAMRAT,674.32,676.01,670.33,672.26,402735,270742323.86
2026-04-17,RAMRAT,672.59,688.78,663.23,675.24,514498,347407724.95
2026-04-20,RAMRAT,668.4,673.19,668.22,672.33,738006,496187254.77
2026-04-21,RAMRAT,670.9,699.45,666.27,698.14,749257,523085397.52
2026-04-22,RAMRAT,692.98,721.81,692.61,721.01,413034,297801245.41
2026-04-23,RAMRAT,727.04,732.14,719.18,723.42,557250,403127281.97
2026-04-24,RAMRAT,727.6,741.38,705.32,707.46,488185,345370993.92
2026-04-27,RAMRAT,707.76,740.52,701.61,730.18,489242,357234027.98
2026-04-28,RAMRAT,721.87,746.53,703.87,745.31,361541,269459563.59
2026-04-29,RAMRAT,745.25,755.03,722.38,728.67,486724,354660422.84
2026-04-30,RAMRAT,731.32,736.15,723.79,732.47,748436,548204156.65
2026-05-04,RAMRAT,733.52,740.44,728.97,737.25,432261,318684352.72
2026-05-05,RAMRAT,735.61,752.07,731.83,746.97,407053,304057383.02
2026-05-06,RAMRAT,752.12,752.18,751.04,751.49,489580,367916685.97
2026-05-07,RAMRAT,748.73,763.04,742.93,756.64,639882,484163203.07
2026-05-08,RAMRAT,758.16,764.69,755.63,763.2,748391,571170476.98
2026-05-11,RAMRAT,770.14,774.2,766.14,773.69,579319,448212235.68
2026-05-12,RAMRAT,773.53,784.83,768.5,784.81,620416,486911289.13
2026-05-13,RAMRAT,790.15,791.83,786.0,790.9,309347,244663540.2
2026-05-14,RAMRAT,782.97,803.28,767.78,797.71,423236,337618267.9
2026-05-15,RAMRAT,796.81,820.66,792.32,811.34,521487,423102815.54
2026-05-18,RAMRAT,810.0,837.16,809.85,836.62,345481,289036120.89
2026-05-19,RAMRAT,836.46,875.58,829.39,866.91,625894,542593037.37
2026-05-20,RAMRAT,875.11,875.27,860.54,866.52,509449,441447622.93
2026-05-21,RAMRAT,862.28,863.12,854.58,857.45,414871,355731278.6
2026-05-22,RAMRAT,854.26,882.03,849.01,874.01,377609,330034788.82
2026-05-25,RAMRAT,875.49,878.69,846.4,867.53,620621,538405053.34
2026-05-26,RAMRAT,869.67,886.47,869.01,886.17,429686,380776429.2
2026-05-27,RAMRAT,882.82,884.41,866.0,879.7,609517,536192460.03
2026-05-28,RAMRAT,876.21,912.66,869.35,903.61,552077,498864177.63
2026-05-29,RAMRAT,903.08,918.0,901.31,914.67,695132,635816352.4
2026-06-01,RAMRAT,921.39,929.66,912.44,926.96,402196,372821216.0
2026-06-02,RAMRAT,930.32,995.33,919.94,976.81,743135,725902722.38
2026-06-03,RAMRAT,974.55,983.98,972.69,972.82,535188,520642027.86
2026-06-04,RAMRAT,974.82,981.47,956.09,963.1,375582,361722616.18
2026-06-05,RAMRAT,959.16,969.32,934.24,941.43,470809,443232935.41
2026-06-08,RAMRAT,942.02,945.81,917.93,926.67,602404,558228554.74
2026-06-09,RAMRAT,929.82,931.83,906.26,912.79,499350,455802255.31
2026-06-10,RAMRAT,915.82,923.58,897.04,901.04,624507,562705638.41
2026-06-11,RAMRAT,907.9,913.61,885.55,896.3,397396,356184864.95
2026-06-12,RAMRAT,896.56,903.22,882.86,900.38,614344,553145262.69
2026-06-15,RAMRAT,901.04,923.39,894.54,920.64,699805,644265071.28
2026-06-16,RAMRAT,916.97,918.8,913.89,916.19,335032,306953013.45
2026-06-17,RAMRAT,918.28,927.27,916.79,925.69,620330,574233903.9
2026-06-18,RAMRAT,926.05,957.72,923.5,947.81,431898,409355539.17
2026-06-19,RAMRAT,950.37,1009.02,945.84,1004.46,570914,573461041.12
2026-06-22,RAMRAT,1007.34,1008.23,992.41,993.87,624339,620512884.83
2026-06-23,RAMRAT,992.7,1017.71,979.07,1012.27,474602,480424854.03
2026-06-24,RAMRAT,1012.76,1034.12,1009.52,1032.25,515017,531626765.36
2026-06-25,RAMRAT,1032.61,1051.28,1020.76,1044.84,302150,315698060.62
2026-06-26,RAMRAT,1043.54,1048.88,1043.46,1045.3,620405,648509421.42
2026-06-29,RAMRAT,1036.07,1063.11,1031.78,1055.8,489246,516546225.52
2026-06-30,RAMRAT,1047.58,1060.83,1035.66,1060.49,372134,394644917.0
2026-07-01,RAMRAT,1064.64,1084.23,1056.22,1083.52,331576,359269627.64
2026-07-02,RAMRAT,1086.94,1102.29,1031.3,1054.86,731719,771863452.85
2026-07-03,RAMRAT,1061.75,1102.61,1060.7,1097.64,662721,727430002.29
2026-07-06,RAMRAT,1094.99,1124.88,1092.76,1113.86,684148,762042270.42
2026-07-07,RAMRAT,1108.73,1135.88,1099.36,1126.67,437287,492676769.94
2026-07-08,RAMRAT,1130.95,1136.53,1097.16,1109.12,521471,578373747.89
2026-07-09,RAMRAT,1115.67,1120.49,1074.12,1090.7,591954,645646597.04
2026-07-10,RAMRAT,1088.7,1092.37,1079.84,1085.23,476598,517220535.38
2026-07-13,RAMRAT,1089.78,1104.57,1080.1,1093.29,307577,336272327.1
2026-07-14,RAMRAT,1102.75,1122.56,1090.59,1092.29,516374,564031790.59
2026-07-15,RAMRAT,1094.2,1110.22,1088.75,1107.03,348025,385272541.73
2026-07-16,RAMRAT,1103.55,1114.4,1097.12,1101.18,719949,792793180.04
2026-07-17,RAMRAT,1088.64,1103.6,1085.39,1102.51,382355,421548994.32
2026-07-20,RAMRAT,1114.22,1138.94,1091.58,1093.15,746564,816103767.75
2026-07-21,RAMRAT,1084.98,1099.23,1070.64,1095.74,733906,804168369.92
2026-07-22,RAMRAT,1083.45,1085.24,1076.73,1083.45,433473,469647253.74
2026-07-23,RAMRAT,1076.85,1094.41,1076.32,1087.44,625697,680405533.39
2026-07-24,RAMRAT,1089.98,1105.53,1063.16,1065.26,546567,582237733.04
2026-07-27,RAMRAT,1060.18,1065.36,1033.73,1035.0,613286,634750810.14
2026-07-28,RAMRAT,1030.91,1042.87,1027.58,1034.47,494502,511545350.28
2026-07-29,RAMRAT,1029.85,1083.76,1026.78,1073.03,460542,494176269.03
2026-07-30,RAMRAT,1061.66,1071.83,1059.02,1065.56,366625,390659823.68
2026-07-31,RAMRAT,1062.8,1077.63,1051.61,1065.78,685948,731067368.03
2026-08-03,RAMRAT,1060.55,1073.17,1046.3,1066.86,688785,734834998.34
2026-08-04,RAMRAT,1064.36,1091.12,1058.94,1071.71,457882,490717631.0
2026-08-05,RAMRAT,1073.13,1100.51,1073.0,1089.07,486894,530260138.19
2026-08-06,RAMRAT,1086.21,1098.06,1078.09,1087.19,646610,702986732.57
2026-08-07,RAMRAT,1077.83,1098.3,1067.27,1095.16,465077,509334506.91
2026-08-10,RAMRAT,1103.21,1106.55,1091.88,1097.05,484424,531439567.65
2026-08-11,RAMRAT,1089.38,1108.14,1083.16,1083.42,411763,446113062.24
2026-08-12,RAMRAT,1083.13,1088.42,1074.9,1079.27,318933,344214431.27
2026-08-13,RAMRAT,1082.87,1103.48,1071.05,1103.24,394633,435372980.98
2026-08-14,RAMRAT,1109.07,1125.13,1107.0,1121.8,347282,389579800.8
2026-08-17,RAMRAT,1122.75,1138.35,1117.29,1130.7,505647,571733905.83
2026-08-18,RAMRAT,1126.87,1134.14,1113.94,1128.05,453202,511236108.59
2026-08-19,RAMRAT,1129.49,1150.33,1124.89,1149.15,372538,428100238.8
2026-08-20,RAMRAT,1150.97,1162.42,1128.1,1136.81,391608,445185160.97
2026-08-21,RAMRAT,1136.54,1138.68,1096.7,1130.04,449156,507564636.13
2026-08-24,RAMRAT,1124.65,1134.52,1118.4,1124.42,547183,615263882.72
2026-08-25,RAMRAT,1126.64,1133.87,1094.31,1098.75,415227,456229129.21
2026-08-26,RAMRAT,1090.29,1107.48,1089.5,1101.78,390039,429735902.21
2026-08-27,RAMRAT,1104.49,1138.96,1101.0,1124.51,421442,473914823.58
2026-08-28,RAMRAT,1119.06,1141.95,1105.85,1139.82,625631,713105634.64
2026-08-31,RAMRAT,1137.76,1150.82,1101.85,1118.21,742830,830640471.29
2026-09-01,RAMRAT,1113.91,1120.27,1095.49,1119.37,309590,346545938.18
2026-09-02,RAMRAT,1116.28,1156.38,1098.02,1139.31,432213,492425826.08
2026-09-03,RAMRAT,1130.71,1149.27,1111.69,1122.29,695242,780261414.61
2026-09-04,RAMRAT,1110.3,1160.9,1102.85,1153.89,547764,632059489.1
2026-09-07,RAMRAT,1157.52,1173.2,1148.96,1166.67,673442,785687007.77
2026-09-08,RAMRAT,1163.85,1163.89,1145.6,1145.98,463582,531257182.42
2026-09-09,RAMRAT,1147.33,1151.2,1113.84,1119.45,404507,452824735.21
2026-09-10,RAMRAT,1099.29,1122.28,1091.59,1116.02,377913,421758867.58
2026-09-11,RAMRAT,1120.26,1152.1,1117.42,1135.77,643381,730729700.96
2026-09-14,RAMRAT,1138.85,1140.98,1124.69,1126.45,363226,409157546.8
2026-09-16,RAMRAT,1135.76,1142.16,1115.99,1123.26,581813,653525974.54
2026-09-17,RAMRAT,1115.34,1149.09,1107.75,1145.02,422764,484071127.87
2026-09-18,RAMRAT,1148.75,1168.66,1143.73,1166.84,348271,406374824.99
2026-09-21,RAMRAT,1166.56,1207.85,1158.37,1200.87,412142,494927616.47
2026-09-22,RAMRAT,1201.67,1223.74,1189.86,1218.11,655082,797963430.54
2026-09-23,RAMRAT,1225.29,1228.23,1191.53,1203.43,670527,806932418.87
2026-09-24,RAMRAT,1191.02,1267.57,1178.4,1252.08,482501,604129306.8
2026-09-25,RAMRAT,1253.12,1277.05,1250.68,1261.48,340172,429119855.32
2026-09-28,RAMRAT,1252.13,1266.22,1252.01,1262.74,422378,533352115.96
2025-09-01,APARINDS,8505.5,8694.91,8383.09,8622.12,1496313,12901383011.33
2025-09-02,APARINDS,8647.96,8674.64,8475.77,8531.05,1142492,9746651179.2
2025-09-03,APARINDS,8566.28,8711.7,8560.32,8642.45,1398822,12089249085.69
2025-09-04,APARINDS,8611.13,8779.17,8602.48,8775.38,1177015,10328748052.45
2025-09-05,APARINDS,8747.71,8838.7,8346.82,8441.47,1325282,11187329124.12
2025-09-08,APARINDS,8467.1,8566.53,8290.32,8292.33,1062095,8807244467.98
2025-09-09,APARINDS,8300.95,8595.36,8185.51,8528.68,1462944,12476985255.57
2025-09-10,APARINDS,8547.62,8603.4,8449.99,8490.92,1428155,12126347277.04
2025-09-11,APARINDS,8505.7,8580.97,8380.48,8400.39,958905,8055171541.91
2025-09-12,APARINDS,8509.88,8523.05,8419.41,8423.43,660999,5567881189.63
2025-09-15,APARINDS,8432.64,8649.48,8430.19,8592.87,1143119,9822668082.76
2025-09-16,APARINDS,8573.52,8578.59,8375.91,8456.66,1499106,12677423332.51
2025-09-17,APARINDS,8497.35,8593.39,8440.56,8555.79,1101380,9423178820.75
2025-09-18,APARINDS,8526.71,8581.0,8421.31,8434.26,663321,5594621453.85
2025-09-19,APARINDS,8399.58,8802.32,8299.13,8656.64,1148097,9938667305.13
2025-09-22,APARINDS,8648.94,8764.35,8621.38,8753.49,1459000,12771340057.78
2025-09-23,APARINDS,8775.49,8849.1,8609.68,8678.12,688251,5972725895.72
2025-09-24,APARINDS,8715.15,8813.34,8695.36,8778.63,1293275,11353184099.27
2025-09-25,APARINDS,8800.94,9006.08,8775.08,8933.47,1141060,10193625972.17
2025-09-26,APARINDS,8966.73,9012.78,8890.22,8909.48,700363,6239873290.7
2025-09-29,APARINDS,9007.2,9128.33,8721.24,8756.26,1438583,12596604126.26
2025-09-30,APARINDS,8820.41,9078.63,8815.49,9014.33,1032789,9309905461.83
2025-10-01,APARINDS,8999.91,9004.83,8915.27,8985.9,1254468,11272522088.4
2025-10-03,APARINDS,9010.22,9123.81,8948.58,9051.35,923786,8361512606.7
2025-10-06,APARINDS,8971.8,9115.61,8768.04,9072.82,1250252,11343313138.92
2025-10-07,APARINDS,9043.66,9076.86,8776.75,8848.79,1316240,11647128331.77
2025-10-08,APARINDS,8900.74,9011.83,8797.85,8977.47,1152813,10349339258.82
2025-10-09,APARINDS,8936.98,9661.11,8911.65,9447.65,1291122,12198068666.68
2025-10-10,APARINDS,9425.69,9512.52,9373.76,9505.76,785643,7468129892.32
2025-10-13,APARINDS,9503.04,9744.35,9466.91,9733.33,945770,9205489018.69
2025-10-14,APARINDS,9776.45,9924.62,9410.99,9458.64,887973,8399014744.28
2025-10-15,APARINDS,9432.67,9533.06,9127.87,9136.69,726782,6640379573.31
2025-10-16,APARINDS,9162.96,9204.33,9030.09,9122.29,925720,8444687364.53
2025-10-17,APARINDS,9068.75,9275.26,9063.59,9193.43,638434,5869400543.34
2025-10-20,APARINDS,9225.0,9442.06,9202.88,9408.49,1304041,12269050691.87
2025-10-23,APARINDS,9433.99,9459.49,9379.93,9380.09,614412,5763242442.96
2025-10-24,APARINDS,9368.82,9424.96,9283.79,9325.27,635006,5921605074.57
2025-10-27,APARINDS,9347.08,9445.08,9130.71,9217.06,612867,5648834124.79
2025-10-28,APARINDS,9251.28,9330.48,9229.1,9274.08,886185,8218553004.2
2025-10-29,APARINDS,9280.67,9303.96,9021.79,9130.22,1337525,12211903268.93
2025-10-30,APARINDS,9157.37,9224.02,8911.82,8918.22,999198,8911066505.26
2025-10-31,APARINDS,9026.07,9134.06,8549.7,8569.21,1110866,9519245173.91
2025-11-03,APARINDS,8532.63,8538.68,8369.23,8402.32,827395,6952037270.98
2025-11-04,APARINDS,8362.77,8547.26,8308.88,8471.29,1088716,9222826167.73
2025-11-06,APARINDS,8520.16,8614.58,8475.61,8555.68,1030053,8812806653.65
2025-11-07,APARINDS,8645.49,8773.64,8496.16,8770.74,638390,5599155532.94
2025-11-10,APARINDS,8805.03,9122.94,8771.03,9015.35,824568,7433770239.68
2025-11-11,APARINDS,8994.6,9068.74,8904.67,8931.82,1398477,12490951255.06
2025-11-12,APARINDS,8853.21,9223.35,8796.16,9154.21,768353,7033664092.29
2025-11-13,APARINDS,9168.9,9247.21,9115.86,9174.7,857230,7864828641.78
2025-11-14,APARINDS,9180.79,9219.2,8797.73,8849.62,641910,5680659251.48
2025-11-17,APARINDS,8933.22,8950.24,8785.6,8845.09,697744,6171610892.57
2025-11-18,APARINDS,8832.07,8951.16,8818.96,8925.28,1391996,12423949025.04
2025-11-19,APARINDS,8924.19,9246.35,8859.37,9126.69,1556625,14206826853.98
2025-11-20,APARINDS,9066.52,9275.52,9063.03,9234.28,621588,5739918772.43
2025-11-21,APARINDS,9195.72,9418.95,9042.87,9296.02,638193,5932655736.54
2025-11-24,APARINDS,9293.33,9561.43,9193.13,9437.31,1352544,12764371609.94
2025-11-25,APARINDS,9507.99,9531.79,9384.1,9462.14,1456527,13781856157.05
2025-11-26,APARINDS,9417.32,9525.92,9300.26,9333.21,829142,7738559488.07
2025-11-27,APARINDS,9378.85,9882.03,9336.43,9697.0,1482107,14371995492.87
2025-11-28,APARINDS,9648.12,9668.42,9481.28,9666.43,1044835,10099823934.84
2025-12-01,APARINDS,9669.32,9795.04,9469.18,9475.47,783816,7427024763.08
2025-12-02,APARINDS,9423.2,9883.24,9335.72,9811.48,1057126,10371972613.34
2025-12-03,APARINDS,9742.63,9749.16,9372.94,9545.05,1418743,13541979524.13
2025-12-04,APARINDS,9548.37,9574.54,9469.24,9542.19,895457,8544624000.8
2025-12-05,APARINDS,9579.84,9762.44,9525.68,9713.54,1105612,10739411202.78
2025-12-08,APARINDS,9670.05,9740.32,9591.71,9628.41,803730,7738640504.36
2025-12-09,APARINDS,9650.86,9656.97,9520.87,9542.87,1539894,14695013060.67
2025-12-10,APARINDS,9526.42,9592.33,9405.4,9416.69,1356597,12774651030.29
2025-12-11,APARINDS,9463.57,9530.3,9162.83,9169.45,1256204,11518705514.05
2025-12-12,APARINDS,9187.76,9520.87,9146.12,9475.58,857758,8127755333.48
2025-12-15,APARINDS,9482.88,9489.15,9046.71,9129.7,1371416,12520616014.53
2025-12-16,APARINDS,9149.1,9446.58,9113.1,9373.53,870002,8154988976.46
2025-12-17,APARINDS,9384.55,9533.55,9115.38,9134.9,862486,7878724196.97
2025-12-18,APARINDS,9128.17,9253.13,9115.42,9250.8,1086633,10052225346.19
2025-12-19,APARINDS,9304.57,9483.2,9292.18,9450.28,1393869,13172447060.91
2025-12-22,APARINDS,9422.67,9573.75,9357.19,9451.56,1038823,9818499414.02
2025-12-23,APARINDS,9357.95,9360.82,9201.55,9262.21,1203481,11146898250.41
2025-12-24,APARINDS,9311.43,9454.97,9085.75,9194.74,965660,8878996812.34
2025-12-26,APARINDS,9187.4,9261.94,9030.43,9054.99,1106667,10020857567.12
2025-12-29,APARINDS,9146.66,9177.76,9022.98,9032.5,1415395,12784561271.3
2025-12-30,APARINDS,8989.76,9196.03,8969.53,9182.64,1475213,13546356951.38
2025-12-31,APARINDS,9172.82,9340.05,8979.78,9206.57,821219,7560608190.52
2026-01-01,APARINDS,9234.38,9353.84,9038.27,9063.38,1520447,13780384948.98
2026-01-02,APARINDS,8996.22,8999.9,8876.27,8990.0,1441028,12954846980.4
2026-01-05,APARINDS,9064.83,9117.97,9024.31,9098.77,766704,6976061007.84
2026-01-06,APARINDS,9134.66,9267.05,8920.96,8993.27,1427990,12842293345.53
2026-01-07,APARINDS,8946.68,9061.43,8892.15,9029.94,1472175,13293649056.81
2026-01-08,APARINDS,8903.74,8957.21,8847.61,8954.43,1073455,9612181443.34
2026-01-09,APARINDS,8986.79,9298.69,8978.62,9242.99,1358622,12557735376.19
2026-01-12,APARINDS,9231.49,9296.2,9093.44,9115.93,1455629,13269407964.96
2026-01-13,APARINDS,9167.03,9284.38,8935.37,9045.98,956390,8651480294.21
2026-01-14,APARINDS,9087.62,9094.86,9053.9,9054.41,1079092,9770540068.02
2026-01-15,APARINDS,8994.37,9110.88,8948.88,9070.44,1360914,12344083953.15
2026-01-16,APARINDS,9109.31,9132.17,8893.84,8912.35,1539533,13720857138.9
2026-01-19,APARINDS,8956.83,9002.95,8788.24,8936.76,656673,5868527297.21
2026-01-20,APARINDS,9012.1,9014.94,8791.71,8949.8,1077479,9643218919.58
2026-01-21,APARINDS,8913.93,8942.35,8838.21,8869.9,1537023,13633247583.66
2026-01-22,APARINDS,8838.36,8960.69,8701.3,8801.46,754823,6643546622.62
2026-01-23,APARINDS,8829.7,8963.28,8760.59,8907.19,1503606,13392911540.79
2026-01-27,APARINDS,8946.88,9012.18,8890.53,9001.09,1141937,10278677438.53
2026-01-28,APARINDS,8941.11,9091.13,8871.95,8972.53,1353620,12145393682.38
2026-01-29,APARINDS,9013.57,9031.98,8885.47,8903.15,686968,6116177475.01
2026-01-30,APARINDS,9000.45,9018.2,8788.94,8840.94,882016,7797847923.65
2026-02-02,APARINDS,8843.24,8935.49,8282.07,8352.04,1333198,11134916918.1
2026-02-03,APARINDS,8310.82,8605.97,8246.66,8496.14,1062361,9025963893.89
2026-02-04,APARINDS,8484.7,8494.9,8250.11,8252.79,1108215,9145863583.65
2026-02-05,APARINDS,8280.7,8789.79,8210.74,8761.1,1012673,8872130644.84
2026-02-06,APARINDS,8737.15,9139.17,8676.46,8952.66,1422450,12734711237.93
2026-02-09,APARINDS,8964.69,9001.89,8785.29,8907.74,889176,7920552497.65
2026-02-10,APARINDS,8878.89,9003.62,8825.75,8911.93,1271224,11329055905.57
2026-02-11,APARINDS,8947.25,9052.95,8724.17,8798.63,843170,7418741108.93
2026-02-12,APARINDS,8754.44,8862.61,8666.02,8854.93,1171367,10372368481.88
2026-02-13,APARINDS,8905.21,8927.77,8628.32,8724.25,1040410,9076800045.1
2026-02-16,APARINDS,8729.11,9064.37,8703.7,9020.49,1138838,10272881049.69
2026-02-17,APARINDS,8934.52,8940.83,8766.99,8924.83,1200174,10711354813.49
2026-02-18,APARINDS,8938.54,9222.26,8806.69,9199.73,1256163,11556365102.96
2026-02-19,APARINDS,9247.23,9354.79,9140.86,9176.09,1164144,10682289599.14
2026-02-20,APARINDS,9148.96,9340.08,9091.61,9204.65,694028,6388282498.11
2026-02-23,APARINDS,9328.83,9346.9,9000.76,9062.46,1312560,11895016325.29
2026-02-24,APARINDS,9071.0,9156.54,9063.0,9116.34,1434308,13075636332.91
2026-02-25,APARINDS,9093.87,9240.12,8893.01,8988.21,1157616,10404890394.63
2026-02-26,APARINDS,9010.97,9312.69,9009.22,9241.04,1427491,13191504183.76
2026-02-27,APARINDS,9229.8,9233.97,9212.59,9221.81,1419857,13093648884.85
2026-03-02,APARINDS,9216.51,9484.9,9126.29,9353.08,1415197,13236450256.73
2026-03-04,APARINDS,9289.81,9300.87,9184.61,9197.21,999190,9189761919.12
2026-03-05,APARINDS,9209.18,9312.4,9015.64,9202.14,915047,8420387747.35
2026-03-06,APARINDS,9216.68,9259.73,9053.18,9147.15,998526,9133665640.73
2026-03-09,APARINDS,9128.01,9287.61,8994.16,9255.24,1189945,11013232307.38
2026-03-10,APARINDS,9214.04,9294.96,9170.35,9253.19,1239355,11467985262.2
2026-03-11,APARINDS,9290.2,9333.99,9143.94,9229.41,1439807,13288570766.69
2026-03-12,APARINDS,9247.08,9452.68,9229.62,9331.26,741538,6919486294.62
2026-03-13,APARINDS,9256.58,9314.42,9141.51,9143.02,1442777,13191336136.38
2026-03-16,APARINDS,9133.61,9233.31,9052.28,9120.0,1194913,10897610401.41
2026-03-17,APARINDS,9140.57,9398.64,9131.36,9290.29,1108879,10301807529.27
2026-03-18,APARINDS,9307.49,9615.44,9214.16,9570.32,955437,9143838895.36
2026-03-19,APARINDS,9596.72,9659.01,9503.23,9566.38,861379,8240281343.23
2026-03-20,APARINDS,9574.45,9786.03,9571.56,9733.36,812589,7909225194.34
2026-03-23,APARINDS,9742.23,9844.68,9717.87,9818.82,1151334,11304737096.76
2026-03-24,APARINDS,9810.51,10044.7,9624.9,9937.19,1033835,10273414144.44
2026-03-25,APARINDS,10063.46,10234.07,9635.07,9738.29,740701,7213162939.84
2026-03-27,APARINDS,9752.66,9757.72,9637.56,9644.73,803168,7746337451.8
2026-03-30,APARINDS,9660.38,9823.74,9626.38,9730.21,880226,8564781652.24
2026-03-31,APARINDS,9728.63,9910.85,9658.13,9845.44,1027469,10115879664.82
2026-04-01,APARINDS,9755.08,9846.11,9682.69,9782.37,673045,6583978425.05
2026-04-02,APARINDS,9791.91,9819.85,9751.91,9817.96,1302479,12787683326.87
2026-04-06,APARINDS,9794.94,9891.23,9607.43,9623.54,1545683,14874936368.1
2026-04-07,APARINDS,9582.58,9715.25,9413.19,9663.81,1240197,11985032913.24
2026-04-08,APARINDS,9615.58,9717.36,9605.55,9696.44,1335595,12950512725.53
2026-04-09,APARINDS,9666.14,9751.31,9493.67,9549.61,1093898,10446294125.37
2026-04-10,APARINDS,9581.87,9740.01,9479.17,9615.28,1043024,10028965906.59
2026-04-13,APARINDS,9562.16,9779.04,9533.01,9702.31,1330324,12907210636.23
2026-04-15,APARINDS,9765.04,9815.79,9381.06,9432.55,1072319,10114707093.08
2026-04-16,APARINDS,9404.52,9440.49,9285.24,9328.32,826465,7709526762.86
2026-04-17,APARINDS,9395.01,9470.03,8884.12,8899.12,1436522,12783777358.12
2026-04-20,APARINDS,8897.67,9033.82,8760.85,8854.7,1140469,10098507010.05
2026-04-21,APARINDS,8873.5,8950.62,8672.07,8707.02,1324566,11533018562.15
2026-04-22,APARINDS,8664.74,8920.57,8626.25,8912.5,1281121,11417993041.71
2026-04-23,APARINDS,8884.27,9115.91,8757.28,9029.5,945429,8536748785.11
2026-04-24,APARINDS,9009.11,9587.12,8990.14,9443.93,1021976,9651473989.4
2026-04-27,APARINDS,9414.14,9472.82,9299.12,9348.43,801137,7489370114.37
2026-04-28,APARINDS,9375.75,9393.59,9320.52,9356.42,1297738,12142181601.66
2026-04-29,APARINDS,9327.25,9636.45,9288.35,9557.42,732593,7001698405.39
2026-04-30,APARINDS,9508.87,9641.59,9399.88,9479.91,1337099,12675584372.7
2026-05-04,APARINDS,9445.28,9464.67,9403.26,9441.47,963434,9096233776.62
2026-05-05,APARINDS,9506.77,9627.16,9452.77,9530.61,720445,6866279517.6
2026-05-06,APARINDS,9570.71,9699.76,9556.42,9627.33,1276605,12290294720.22
2026-05-07,APARINDS,9561.76,9631.85,9561.06,9579.44,1519508,14556036247.73
2026-05-08,APARINDS,9544.28,9689.8,9543.82,9654.4,1490961,14394333269.44
2026-05-11,APARINDS,9711.3,9745.11,9652.12,9676.25,954831,9239180973.37
2026-05-12,APARINDS,9594.47,9697.91,9558.35,9692.04,1457709,14128177495.82
2026-05-13,APARINDS,9796.15,9803.51,9548.63,9638.31,1437363,13853747500.6
2026-05-14,APARINDS,9619.38,9639.93,9441.98,9524.67,1456908,13876567388.7
2026-05-15,APARINDS,9525.54,9619.31,9090.11,9128.63,875749,7994386207.26
2026-05-18,APARINDS,9150.57,9445.03,9129.27,9426.19,1186641,11185498915.33
2026-05-19,APARINDS,9445.31,9446.55,9334.86,9409.15,689722,6489695910.59
2026-05-20,APARINDS,9486.04,9531.37,9430.43,9444.08,1201977,11351572388.53
2026-05-21,APARINDS,9473.82,9493.98,9135.51,9176.39,1037284,9518523422.71
2026-05-22,APARINDS,9181.05,9194.34,8985.45,9030.49,684917,6185134623.85
2026-05-25,APARINDS,8956.6,9417.82,8946.87,9274.19,660758,6127996840.03
2026-05-26,APARINDS,9247.69,9518.94,9130.87,9422.99,753785,7102911303.21
2026-05-27,APARINDS,9387.09,9581.28,9333.97,9365.37,1362142,12756963203.58
2026-05-28,APARINDS,9440.9,9618.8,9252.51,9562.15,1003661,9597152019.74
2026-05-29,APARINDS,9589.96,9606.74,9478.12,9490.79,1428212,13554855639.03
2026-06-01,APARINDS,9485.62,9994.71,9410.68,9919.24,1175950,11664529272.65
2026-06-02,APARINDS,9953.6,9976.19,9692.92,9786.12,1158913,11341261575.35
2026-06-03,APARINDS,9759.56,9787.38,9465.01,9577.28,791180,7577351446.18
2026-06-04,APARINDS,9632.18,9933.8,9542.2,9846.18,932006,9176702901.29
2026-06-05,APARINDS,9854.22,9910.99,9727.79,9783.12,684981,6701253396.31
2026-06-08,APARINDS,9745.44,10167.87,9731.02,10075.71,908666,9155450576.36
2026-06-09,APARINDS,10221.38,10286.3,9736.57,9759.7,766192,7477807657.55
2026-06-10,APARINDS,9704.8,9896.34,9661.2,9810.89,980928,9623774352.45
2026-06-11,APARINDS,9852.02,10086.64,9845.42,10029.96,1311322,13152511898.15
2026-06-12,APARINDS,9959.79,10520.91,9827.2,10454.3,1446980,15127165376.95
2026-06-15,APARINDS,10403.09,10498.48,10100.88,10204.86,1194791,12192680467.95
2026-06-16,APARINDS,10265.77,10293.88,10127.02,10200.64,1492833,15227851223.48
2026-06-17,APARINDS,10244.74,10349.24,9816.55,10014.76,739470,7405616038.59
2026-06-18,APARINDS,10056.38,10126.5,9693.18,9718.62,1253444,12181739929.79
2026-06-19,APARINDS,9610.48,9778.66,9603.81,9760.93,850038,8297158289.57
2026-06-22,APARINDS,9770.77,9900.26,9761.43,9858.43,1278970,12608641885.12
2026-06-23,APARINDS,9802.05,9891.54,9331.5,9347.68,1055851,9869758526.02
2026-06-24,APARINDS,9320.21,9734.13,9272.63,9623.03,1490388,14342049435.02
2026-06-25,APARINDS,9692.64,9735.15,9675.73,9698.47,1288149,12493074306.67
2026-06-26,APARINDS,9656.08,9962.13,9621.11,9953.22,995832,9911735866.47
2026-06-29,APARINDS,9909.39,10115.1,9775.91,10027.73,1502801,15069688101.28
2026-06-30,APARINDS,9987.59,10155.3,9972.25,10130.22,1430316,14489409065.08
2026-07-01,APARINDS,10023.87,10299.91,10004.63,10159.84,1478401,15020316118.47
2026-07-02,APARINDS,10153.19,10176.98,9933.73,10085.45,997646,10061708119.45
2026-07-03,APARINDS,10065.37,10151.51,9852.74,9975.67,1198033,11951185295.47
2026-07-06,APARINDS,10051.49,10062.04,9779.02,9848.74,1037919,10222194609.94
2026-07-07,APARINDS,9855.48,9960.02,9694.28,9931.48,908152,9019295197.46
2026-07-08,APARINDS,9958.33,10146.94,9928.41,10096.93,1339941,13529292752.53
2026-07-09,APARINDS,10056.93,10363.28,10038.82,10349.66,1116177,11552051853.66
2026-07-10,APARINDS,10282.63,10639.03,10235.01,10538.91,636799,6711165668.78
2026-07-13,APARINDS,10445.44,11041.71,10430.0,10899.7,1027330,11197591401.61
2026-07-14,APARINDS,10935.5,11060.94,10635.32,10753.81,625110,6722315150.1
2026-07-15,APARINDS,10781.47,11010.14,10594.81,10912.62,1420797,15504617070.68
2026-07-16,APARINDS,10964.78,11068.6,10676.63,10777.04,1145658,12346802392.13
2026-07-17,APARINDS,10729.64,10755.29,10635.32,10689.64,1549436,16562913610.83
2026-07-20,APARINDS,10651.68,11012.1,10615.56,10828.9,1431419,15500689484.89
2026-07-21,APARINDS,10900.34,11004.28,10501.66,10527.15,903684,9513220175.62
2026-07-22,APARINDS,10589.67,10843.93,10491.93,10773.61,1405054,15137504545.39
2026-07-23,APARINDS,10835.43,10897.43,10632.24,10636.96,807133,8585438291.56
2026-07-24,APARINDS,10635.38,10676.83,10415.16,10479.49,1508998,15813525573.61
2026-07-27,APARINDS,10487.78,10736.17,10390.31,10555.81,1540837,16264789053.52
2026-07-28,APARINDS,10560.1,10601.04,10490.77,10513.27,1367598,14377923620.27
2026-07-29,APARINDS,10558.64,10962.15,10478.48,10855.42,1219095,13233792308.64
2026-07-30,APARINDS,10873.65,10918.57,10546.7,10652.8,730235,7779048920.49
2026-07-31,APARINDS,10625.46,10814.11,10450.89,10801.85,1506617,16274253843.09
2026-08-03,APARINDS,10728.96,10850.86,10653.63,10704.34,1468904,15723648247.53
2026-08-04,APARINDS,10708.02,10808.51,10679.92,10721.73,1286233,13790642867.02
2026-08-05,APARINDS,10728.24,10771.11,10606.88,10663.97,1020572,10883344458.03
2026-08-06,APARINDS,10762.75,10824.67,10514.85,10523.03,991172,10430131717.1
2026-08-07,APARINDS,10530.01,10706.4,10377.12,10570.82,1278821,13518185628.75
2026-08-10,APARINDS,10555.94,10921.01,10534.86,10844.16,1207293,13092074188.4
2026-08-11,APARINDS,10770.08,10953.46,10763.03,10861.53,1049479,11398945690.53
2026-08-12,APARINDS,10820.05,10826.73,10680.59,10688.1,1014499,10843064602.84
2026-08-13,APARINDS,10653.44,10992.06,10621.8,10805.64,952641,10293898333.5
2026-08-14,APARINDS,10867.82,10915.78,10822.19,10848.46,1468989,15936272738.71
2026-08-17,APARINDS,10841.5,10929.26,10818.65,10923.29,1463313,15984194916.95
2026-08-18,APARINDS,10871.84,10948.26,10612.76,10745.51,1026403,11029226376.41
2026-08-19,APARINDS,10761.87,10948.54,10708.21,10856.69,1498539,16269169676.29
2026-08-20,APARINDS,10831.72,10843.16,10658.47,10731.77,716418,7688430880.1
2026-08-21,APARINDS,10690.68,10753.47,10527.36,10658.48,1387812,14791965734.11
2026-08-24,APARINDS,10704.99,10768.17,10350.77,10514.84,1283113,13491721589.03
2026-08-25,APARINDS,10558.26,10700.44,10166.57,10198.62,648200,6610745438.9
2026-08-26,APARINDS,10184.62,10233.32,10115.59,10202.45,812201,8286443861.09
2026-08-27,APARINDS,10187.14,10269.0,9952.35,9962.46,629836,6274715944.62
2026-08-28,APARINDS,9925.07,10301.41,9862.05,10048.87,1516588,15239996838.25
2026-08-31,APARINDS,10161.46,10200.19,9865.99,9878.11,1183584,11691567113.23
2026-09-01,APARINDS,9899.42,9944.7,9483.04,9625.9,717256,6904233220.25
2026-09-02,APARINDS,9634.79,9660.44,9556.12,9599.11,765038,7343682452.07
2026-09-03,APARINDS,9629.68,9651.51,9274.6,9293.48,993158,9229892596.86
2026-09-04,APARINDS,9276.87,9347.6,9084.53,9106.37,954579,8692753277.77
2026-09-07,APARINDS,9092.69,9114.49,8995.38,9068.91,611945,5549672163.18
2026-09-08,APARINDS,8998.85,9211.75,8977.5,9185.05,713342,6552084714.95
2026-09-09,APARINDS,9195.6,9320.25,9160.56,9214.98,1017351,9374873945.64
2026-09-10,APARINDS,9276.2,9336.87,9046.45,9113.04,1008581,9191243667.93
2026-09-11,APARINDS,9084.0,9300.9,9074.58,9241.13,1037665,9589199808.99
2026-09-14,APARINDS,9318.14,9368.71,9165.79,9211.04,1014082,9340750275.47
2026-09-16,APARINDS,9276.66,9399.21,9204.47,9315.55,1067569,9944995238.18
2026-09-17,APARINDS,9320.29,9407.32,9201.33,9319.77,1360229,12677015728.44
2026-09-18,APARINDS,9283.42,9551.83,9195.58,9467.4,1128744,10686265829.26
2026-09-21,APARINDS,9412.69,9463.8,9338.89,9448.48,1409608,13318657735.22
2026-09-22,APARINDS,9466.16,9481.18,9040.12,9238.79,988496,9132505200.46
2026-09-23,APARINDS,9193.66,9335.91,9139.62,9210.6,1491722,13739660123.36
2026-09-24,APARINDS,9180.74,9581.63,9160.47,9441.04,856195,8083372044.53
2026-09-25,APARINDS,9473.83,9506.92,9375.56,9456.63,703476,6652513412.1
2026-09-28,APARINDS,9451.36,9464.37,9224.77,9228.14,1051302,9701564300.85
2025-09-01,ACMESOLAR,274.78,276.3,258.99,261.01,1640952,428306836.12
2025-09-02,ACMESOLAR,259.07,262.46,258.95,259.8,2128526,552998225.41
2025-09-03,ACMESOLAR,259.74,260.19,258.19,258.69,1747731,452118193.4
2025-09-04,ACMESOLAR,258.26,262.17,256.83,258.57,2141111,553617327.48
2025-09-05,ACMESOLAR,259.23,259.67,255.64,257.08,1351147,347351508.57
2025-09-08,ACMESOLAR,257.13,257.95,255.19,256.81,1178911,302758705.23
2025-09-09,ACMESOLAR,256.07,265.99,253.63,265.11,1892501,501725603.2
2025-09-10,ACMESOLAR,264.42,273.18,261.27,269.73,1658501,447345858.3
2025-09-11,ACMESOLAR,270.1,273.77,261.91,264.14,1440786,380566770.2
2025-09-12,ACMESOLAR,266.26,266.56,263.2,263.84,1461345,385559926.13
2025-09-15,ACMESOLAR,265.76,267.14,265.01,265.16,1437587,381187882.17
2025-09-16,ACMESOLAR,264.7,271.18,261.98,268.7,1638904,440370337.86
2025-09-17,ACMESOLAR,267.4,268.06,266.47,266.7,1714889,457366094.04
2025-09-18,ACMESOLAR,268.07,269.64,262.35,265.28,1405707,372904440.47
2025-09-19,ACMESOLAR,264.29,268.5,262.53,267.56,908757,243147845.23
2025-09-22,ACMESOLAR,268.12,279.22,266.97,275.16,2233222,614482300.07
2025-09-23,ACMESOLAR,273.83,279.66,273.45,274.01,1867555,511726212.3
2025-09-24,ACMESOLAR,275.9,280.73,270.7,273.82,1591229,435706560.48
2025-09-25,ACMESOLAR,274.72,276.55,273.08,274.39,1827248,501377985.36
2025-09-26,ACMESOLAR,277.15,281.19,276.54,280.64,1053785,295731591.86
2025-09-29,ACMESOLAR,282.21,283.5,278.62,279.47,1484015,414738179.1
2025-09-30,ACMESOLAR,280.58,280.59,276.23,276.62,1023142,283021844.4
2025-10-01,ACMESOLAR,277.92,279.79,272.49,272.74,1282099,349677241.2
2025-10-03,ACMESOLAR,273.31,274.75,269.92,270.42,1828231,494396057.59
2025-10-06,ACMESOLAR,270.47,271.43,269.83,270.43,1877221,507665050.48
2025-10-07,ACMESOLAR,272.05,278.66,271.82,277.46,1973530,547566071.63
2025-10-08,ACMESOLAR,280.22,280.87,274.6,276.16,1292742,357005495.54
2025-10-09,ACMESOLAR,276.63,280.18,276.54,277.74,1182662,328469714.07
2025-10-10,ACMESOLAR,279.91,280.99,269.58,272.19,1979426,538786485.88
2025-10-13,ACMESOLAR,271.57,271.78,266.55,267.38,2138987,571924739.05
2025-10-14,ACMESOLAR,266.51,267.93,261.81,264.06,935995,247159829.06
2025-10-15,ACMESOLAR,264.58,264.77,252.85,256.15,1360208,348414808.42
2025-10-16,ACMESOLAR,255.97,260.22,254.98,259.69,2112767,548659189.36
2025-10-17,ACMESOLAR,257.7,260.87,252.29,255.18,1553015,396300635.27
2025-10-20,ACMESOLAR,255.14,256.7,252.54,256.17,1894149,485222364.09
2025-10-23,ACMESOLAR,255.81,258.1,250.65,254.11,906893,230452175.11
2025-10-24,ACMESOLAR,255.53,257.04,251.76,252.04,1126997,284046478.86
2025-10-27,ACMESOLAR,253.16,256.3,251.28,253.36,2076199,526029490.12
2025-10-28,ACMESOLAR,254.19,258.39,250.35,256.4,2041058,523335384.93
2025-10-29,ACMESOLAR,255.87,256.46,252.07,252.45,935169,236087729.43
2025-10-30,ACMESOLAR,251.15,252.49,244.92,249.47,1187104,296146110.75
2025-10-31,ACMESOLAR,248.69,252.2,247.42,247.46,2200164,544456346.56
2025-11-03,ACMESOLAR,247.39,249.16,242.22,244.56,1791634,438164682.91
2025-11-04,ACMESOLAR,242.52,248.78,240.17,247.12,1528799,377794337.03
2025-11-06,ACMESOLAR,247.1,248.96,242.16,242.96,1767397,429407190.98
2025-11-07,ACMESOLAR,240.92,250.58,237.69,248.97,1170265,291361078.59
2025-11-10,ACMESOLAR,248.76,250.88,244.25,245.91,1316472,323734282.67
2025-11-11,ACMESOLAR,245.6,262.34,242.67,258.36,1151351,297464337.11
2025-11-12,ACMESOLAR,258.84,259.48,254.75,255.95,1174002,300483209.03
2025-11-13,ACMESOLAR,253.48,258.66,252.6,255.01,1749884,446246621.99
2025-11-14,ACMESOLAR,256.17,263.52,253.75,261.41,1492312,390099333.27
2025-11-17,ACMESOLAR,261.93,262.9,258.98,259.62,1624742,421811090.12
2025-11-18,ACMESOLAR,260.46,262.83,257.67,261.84,1589399,416167425.01
2025-11-19,ACMESOLAR,262.35,264.11,260.48,264.07,1848286,488072886.66
2025-11-20,ACMESOLAR,262.79,265.95,259.52,265.05,1764633,467716197.91
2025-11-21,ACMESOLAR,264.11,264.38,259.41,261.64,2075645,543065995.36
2025-11-24,ACMESOLAR,262.99,266.61,255.27,256.29,1895276,485738938.21
2025-11-25,ACMESOLAR,256.77,260.78,254.65,260.32,1481003,385540664.52
2025-11-26,ACMESOLAR,260.96,265.95,258.17,265.68,2095192,556653008.68
2025-11-27,ACMESOLAR,263.64,265.88,261.54,265.27,1129968,299750633.11
2025-11-28,ACMESOLAR,263.34,264.06,257.83,259.03,955799,247577828.87
2025-12-01,ACMESOLAR,258.5,258.7,253.82,257.14,1675255,430777209.94
2025-12-02,ACMESOLAR,256.14,261.71,255.68,260.66,1796126,468169601.84
2025-12-03,ACMESOLAR,260.25,268.71,258.44,267.48,1355794,362651050.43
2025-12-04,ACMESOLAR,266.72,268.73,265.27,267.42,2161172,577939117.8
2025-12-05,ACMESOLAR,267.52,270.51,262.2,263.13,1013558,266702107.93
2025-12-08,ACMESOLAR,263.43,268.97,261.39,267.74,2236173,598723733.5
2025-12-09,ACMESOLAR,267.3,271.6,266.27,270.9,1666596,451472829.81
2025-12-10,ACMESOLAR,269.49,274.09,268.25,271.54,1936981,525962929.51
2025-12-11,ACMESOLAR,271.96,275.06,266.77,269.82,2254768,608390169.88
2025-12-12,ACMESOLAR,268.47,270.88,261.12,262.02,2185123,572536142.54
2025-12-15,ACMESOLAR,263.77,265.82,259.93,260.7,1565391,408099654.24
2025-12-16,ACMESOLAR,260.07,260.68,257.33,258.25,1297680,335132065.25
2025-12-17,ACMESOLAR,259.83,260.66,248.55,248.86,1056077,262818154.26
2025-12-18,ACMESOLAR,248.85,249.6,239.24,239.58,2128097,509844885.49
2025-12-19,ACMESOLAR,240.02,241.54,233.34,236.65,1858643,439849559.63
2025-12-22,ACMESOLAR,237.49,245.21,235.91,240.14,899241,215942377.95
2025-12-23,ACMESOLAR,240.98,242.29,240.07,241.07,2027128,488670253.56
2025-12-24,ACMESOLAR,240.82,240.87,239.16,239.93,1215503,291638248.77
2025-12-26,ACMESOLAR,242.1,245.14,241.27,242.82,1984338,481830933.07
2025-12-29,ACMESOLAR,242.61,244.34,239.25,239.32,1063020,254401088.83
2025-12-30,ACMESOLAR,238.84,244.29,237.13,241.92,1646713,398368471.03
2025-12-31,ACMESOLAR,242.54,246.86,240.82,245.96,2209072,543334234.79
2026-01-01,ACMESOLAR,245.98,251.95,244.78,250.0,1645274,411316834.69
2026-01-02,ACMESOLAR,249.84,255.41,248.95,254.86,1928189,491423455.59
2026-01-05,ACMESOLAR,254.05,257.19,250.89,253.77,1103573,280057714.41
2026-01-06,ACMESOLAR,255.19,255.32,251.53,253.24,1265960,320587807.32
2026-01-07,ACMESOLAR,253.34,256.24,245.54,249.01,1266857,315457697.49
2026-01-08,ACMESOLAR,248.24,252.3,247.91,251.53,1324167,333074003.84
2026-01-09,ACMESOLAR,251.82,253.39,247.44,248.9,1618279,402794017.7
2026-01-12,ACMESOLAR,249.83,250.12,246.42,248.55,2244121,557770757.88
2026-01-13,ACMESOLAR,248.87,249.94,245.83,248.32,984880,244561402.96
2026-01-14,ACMESOLAR,248.77,249.09,245.56,246.92,1685281,416136820.13
2026-01-15,ACMESOLAR,246.81,247.62,241.0,244.08,1506054,367594785.89
2026-01-16,ACMESOLAR,241.68,246.72,240.23,244.38,1639403,400640284.35
2026-01-19,ACMESOLAR,245.66,246.8,244.25,245.11,1657913,406367705.88
2026-01-20,ACMESOLAR,243.59,249.59,242.78,247.61,1513566,374770783.15
2026-01-21,ACMESOLAR,247.94,248.36,245.58,245.67,2006892,493024372.57
2026-01-22,ACMESOLAR,244.73,247.03,241.06,243.66,1935406,471575924.05
2026-01-23,ACMESOLAR,245.69,246.21,241.56,244.14,1055996,257812214.44
2026-01-27,ACMESOLAR,244.24,247.67,241.58,246.95,1782351,440151616.28
2026-01-28,ACMESOLAR,247.85,248.65,244.97,246.61,1528125,376850340.92
2026-01-29,ACMESOLAR,246.28,246.49,240.9,241.88,2099775,507899674.89
2026-01-30,ACMESOLAR,240.25,246.57,237.97,242.98,955764,232231562.7
2026-02-02,ACMESOLAR,241.23,250.92,238.96,246.98,1646845,406730635.07
2026-02-03,ACMESOLAR,245.96,248.3,242.21,243.07,1130071,274689604.86
2026-02-04,ACMESOLAR,243.77,246.87,240.41,244.9,1247813,305584009.49
2026-02-05,ACMESOLAR,244.32,250.3,242.33,248.71,1476414,367194329.55
2026-02-06,ACMESOLAR,248.69,250.72,246.86,248.81,2023004,503343713.64
2026-02-09,ACMESOLAR,248.65,256.69,247.17,255.32,1368685,349449517.08
2026-02-10,ACMESOLAR,253.93,266.22,253.24,265.83,2257770,600185890.0
2026-02-11,ACMESOLAR,268.5,271.66,262.43,263.98,1264757,333876073.29
2026-02-12,ACMESOLAR,263.05,271.84,262.56,270.0,2067699,558277517.24
2026-02-13,ACMESOLAR,270.14,274.65,269.02,272.5,1542019,420199675.47
2026-02-16,ACMESOLAR,272.59,273.55,268.34,271.74,1560989,424180987.99
2026-02-17,ACMESOLAR,270.59,277.47,268.96,273.94,902897,247337033.54
2026-02-18,ACMESOLAR,272.96,274.06,270.67,273.25,1756483,479958730.6
2026-02-19,ACMESOLAR,273.62,276.13,262.58,265.93,2079670,553047428.26
2026-02-20,ACMESOLAR,268.04,270.97,264.76,267.75,2105453,563727339.6
2026-02-23,ACMESOLAR,269.27,274.22,268.3,274.0,1557291,426691723.16
2026-02-24,ACMESOLAR,273.24,273.51,270.57,272.69,1458168,397620898.09
2026-02-25,ACMESOLAR,272.17,275.71,268.85,273.84,1592689,436137292.71
2026-02-26,ACMESOLAR,271.91,287.66,270.18,283.82,1508538,428151602.07
2026-02-27,ACMESOLAR,284.4,286.71,279.1,281.75,1322145,372507934.98
2026-03-02,ACMESOLAR,282.17,286.29,277.79,280.04,1207002,338005022.61
2026-03-04,ACMESOLAR,283.4,285.36,276.6,281.19,1566129,440384826.34
2026-03-05,ACMESOLAR,281.62,282.85,277.58,278.08,985823,274133631.34
2026-03-06,ACMESOLAR,276.12,278.13,272.81,277.96,1349907,375216094.11
2026-03-09,ACMESOLAR,276.81,280.31,273.57,278.68,2241259,624586555.1
2026-03-10,ACMESOLAR,278.27,279.39,277.75,277.81,1955984,543395729.57
2026-03-11,ACMESOLAR,278.8,279.16,276.07,276.56,2231381,617100865.05
2026-03-12,ACMESOLAR,277.49,282.8,274.12,282.37,1991653,562381554.42
2026-03-13,ACMESOLAR,283.58,286.64,268.76,274.15,2027718,555907538.43
2026-03-16,ACMESOLAR,274.54,275.3,273.62,274.12,1962959,538080831.6
2026-03-17,ACMESOLAR,273.96,276.78,268.87,272.33,1049564,285828445.08
2026-03-18,ACMESOLAR,272.86,275.71,269.36,273.47,1912924,523119106.99
2026-03-19,ACMESOLAR,274.8,282.41,269.45,281.81,2258871,636572641.78
2026-03-20,ACMESOLAR,279.86,282.23,278.12,280.02,1945154,544679962.63
2026-03-23,ACMESOLAR,279.7,279.77,277.41,277.89,1453891,404024522.1
2026-03-24,ACMESOLAR,278.3,279.38,277.35,278.02,1566027,435392304.46
2026-03-25,ACMESOLAR,278.31,279.56,273.76,274.09,1702759,466701908.24
2026-03-27,ACMESOLAR,272.04,280.79,271.07,280.24,1585541,444336578.81
2026-03-30,ACMESOLAR,282.33,286.91,279.29,284.37,1319908,375348483.89
2026-03-31,ACMESOLAR,285.34,288.27,278.5,279.24,895459,250050931.75
2026-04-01,ACMESOLAR,279.87,282.83,278.28,279.14,1981354,553073750.52
2026-04-02,ACMESOLAR,279.47,279.7,277.68,277.73,2109592,585900252.65
2026-04-06,ACMESOLAR,278.22,281.47,277.34,277.35,1092490,302998239.14
2026-04-07,ACMESOLAR,278.95,281.78,268.49,271.19,1532596,415626358.83
2026-04-08,ACMESOLAR,271.69,272.9,267.09,269.45,2071434,558138193.49
2026-04-09,ACMESOLAR,267.88,271.0,265.31,265.71,2010637,534250817.8
2026-04-10,ACMESOLAR,266.25,269.49,262.99,263.41,1352481,356263352.65
2026-04-13,ACMESOLAR,263.6,265.87,260.62,261.33,2037622,532486795.27
2026-04-15,ACMESOLAR,260.17,263.59,252.56,255.23,1279517,326569093.57
2026-04-16,ACMESOLAR,255.64,256.65,255.03,256.34,1616353,414341146.28
2026-04-17,ACMESOLAR,257.16,257.21,249.54,255.18,1563934,399088801.32
2026-04-20,ACMESOLAR,254.91,255.53,245.68,248.84,2215324,551266594.85
2026-04-21,ACMESOLAR,247.43,253.27,246.51,252.92,2094141,529641232.53
2026-04-22,ACMESOLAR,254.27,256.53,250.39,251.03,1627780,408628956.86
2026-04-23,ACMESOLAR,249.98,259.7,248.42,254.66,1257288,320179322.31
2026-04-24,ACMESOLAR,255.09,259.01,253.13,258.63,1968714,509175354.82
2026-04-27,ACMESOLAR,258.57,262.01,258.13,259.63,1531161,397534019.28
2026-04-28,ACMESOLAR,260.28,269.07,258.17,264.2,1255271,331643660.44
2026-04-29,ACMESOLAR,264.73,264.78,255.6,256.86,1344648,345381048.35
2026-04-30,ACMESOLAR,255.95,256.74,252.18,254.46,2152442,547705313.24
2026-05-04,ACMESOLAR,254.06,254.06,252.17,252.62,2270594,573596452.59
2026-05-05,ACMESOLAR,254.02,254.62,247.09,247.87,905335,224403799.4
2026-05-06,ACMESOLAR,249.0,249.84,244.45,245.51,1534791,376806370.39
2026-05-07,ACMESOLAR,244.77,245.8,237.0,238.25,2259208,538248566.48
2026-05-08,ACMESOLAR,239.42,240.9,234.02,235.34,1073795,252707261.05
2026-05-11,ACMESOLAR,236.58,246.71,234.37,244.7,1289980,315660706.0
2026-05-12,ACMESOLAR,243.3,252.61,242.12,250.28,1403884,351362623.47
2026-05-13,ACMESOLAR,249.98,250.52,248.04,248.54,1189161,295551141.61
2026-05-14,ACMESOLAR,248.35,250.06,245.75,249.1,973008,242376039.67
2026-05-15,ACMESOLAR,248.3,253.53,247.13,252.38,1350515,340840779.77
2026-05-18,ACMESOLAR,252.69,260.47,251.8,259.65,906897,235475229.85
2026-05-19,ACMESOLAR,258.26,262.58,258.19,262.34,1808185,474355429.36
2026-05-20,ACMESOLAR,263.42,266.49,260.47,260.64,1484873,387020870.48
2026-05-21,ACMESOLAR,260.62,266.33,257.78,262.35,959680,251768812.79
2026-05-22,ACMESOLAR,263.65,265.07,263.55,264.59,1705764,451325874.97
2026-05-25,ACMESOLAR,265.18,266.34,256.82,259.09,958510,248339437.7
2026-05-26,ACMESOLAR,258.5,262.25,253.51,255.34,1885597,481477345.95
2026-05-27,ACMESOLAR,255.07,255.35,252.3,253.88,2197722,557957273.23
2026-05-28,ACMESOLAR,252.84,253.29,249.15,250.85,1828282,458620163.55
2026-05-29,ACMESOLAR,251.31,257.55,251.23,255.27,1285913,328253070.59
2026-06-01,ACMESOLAR,257.28,264.62,256.6,260.53,1769273,460945662.05
2026-06-02,ACMESOLAR,261.79,263.29,260.09,261.76,1825934,477957597.91
2026-06-03,ACMESOLAR,262.83,264.35,259.0,260.88,966606,252168995.92
2026-06-04,ACMESOLAR,261.18,264.77,254.11,256.25,932408,238933887.18
2026-06-05,ACMESOLAR,257.32,257.66,245.59,246.12,2026286,498703877.59
2026-06-08,ACMESOLAR,245.08,246.36,241.78,243.19,2200601,535160863.45
2026-06-09,ACMESOLAR,243.62,248.65,240.55,246.13,1475315,363124446.97
2026-06-10,ACMESOLAR,248.35,252.37,240.24,243.82,1269204,309452735.28
2026-06-11,ACMESOLAR,241.33,243.59,232.37,233.13,1510600,352172068.94
2026-06-12,ACMESOLAR,233.4,238.65,231.61,236.96,2147045,508768237.31
2026-06-15,ACMESOLAR,237.24,239.85,232.96,234.39,2077988,487050789.29
2026-06-16,ACMESOLAR,233.47,234.75,229.62,230.06,1682767,387130954.35
2026-06-17,ACMESOLAR,232.03,235.33,229.38,229.94,1183022,272029767.92
2026-06-18,ACMESOLAR,230.64,236.46,229.64,233.63,1445130,337621901.91
2026-06-19,ACMESOLAR,234.51,240.73,233.92,238.49,1167385,278413052.64
2026-06-22,ACMESOLAR,238.78,243.24,238.03,240.94,1279933,308388966.58
2026-06-23,ACMESOLAR,240.48,241.96,231.7,233.32,894820,208783323.5
2026-06-24,ACMESOLAR,233.55,240.8,230.75,239.53,1813040,434281161.81
2026-06-25,ACMESOLAR,241.92,243.86,235.86,236.72,1937421,458632262.66
2026-06-26,ACMESOLAR,236.36,237.49,233.81,234.02,1351922,316378652.16
2026-06-29,ACMESOLAR,235.21,236.68,229.19,230.74,1225382,282741386.85
2026-06-30,ACMESOLAR,231.72,237.22,230.86,234.75,1607980,377474889.81
2026-07-01,ACMESOLAR,235.52,236.84,233.75,235.86,1477318,348433558.54
2026-07-02,ACMESOLAR,236.57,245.24,236.45,242.6,1887013,457794337.32
2026-07-03,ACMESOLAR,243.02,243.09,236.04,238.2,1243525,296204814.54
2026-07-06,ACMESOLAR,239.32,242.89,238.29,241.92,1518679,367396924.36
2026-07-07,ACMESOLAR,241.36,242.29,236.2,238.08,1648483,392477762.41
2026-07-08,ACMESOLAR,237.83,239.3,237.59,238.8,1662151,396928402.85
2026-07-09,ACMESOLAR,239.48,240.68,237.12,240.18,1309046,314406709.5
2026-07-10,ACMESOLAR,238.86,240.97,236.65,237.47,1243180,295219467.44
2026-07-13,ACMESOLAR,237.25,238.67,230.69,230.98,1923036,444173294.6
2026-07-14,ACMESOLAR,233.03,237.41,232.93,234.84,2126696,499436776.02
2026-07-15,ACMESOLAR,234.59,235.92,232.55,233.57,1400495,327112763.52
2026-07-16,ACMESOLAR,234.11,239.66,233.52,237.91,1180266,280796449.18
2026-07-17,ACMESOLAR,237.38,239.72,230.81,234.29,1735787,406678676.0
2026-07-20,ACMESOLAR,236.13,237.26,235.3,235.63,1299330,306163956.96
2026-07-21,ACMESOLAR,234.6,243.86,233.83,241.59,1406400,339775402.27
2026-07-22,ACMESOLAR,240.41,240.63,228.14,231.1,1828543,422568646.88
2026-07-23,ACMESOLAR,229.22,232.5,228.6,232.44,1382903,321438687.17
2026-07-24,ACMESOLAR,231.8,232.85,228.84,229.03,2028196,464523618.37
2026-07-27,ACMESOLAR,228.78,240.98,225.19,237.61,964551,229190168.4
2026-07-28,ACMESOLAR,237.76,238.61,235.78,236.6,1213229,287050824.32
2026-07-29,ACMESOLAR,234.21,238.87,232.85,235.88,1706900,402616652.49
2026-07-30,ACMESOLAR,235.73,236.62,229.76,234.88,1087898,255522736.87
2026-07-31,ACMESOLAR,235.07,236.29,229.94,230.25,1155753,266109579.46
2026-08-03,ACMESOLAR,229.93,231.87,226.02,226.89,1402452,318197396.04
2026-08-04,ACMESOLAR,226.09,227.22,219.74,220.15,1440359,317093786.34
2026-08-05,ACMESOLAR,219.24,219.64,215.94,217.89,1515943,330306430.83
2026-08-06,ACMESOLAR,216.62,217.71,216.47,217.41,2111916,459147271.94
2026-08-07,ACMESOLAR,216.48,218.51,214.04,217.72,2101885,457613373.31
2026-08-10,ACMESOLAR,218.09,219.14,208.83,209.82,1751392,367470415.1
2026-08-11,ACMESOLAR,209.64,210.11,204.18,204.34,1606340,328247123.34
2026-08-12,ACMESOLAR,201.82,207.56,199.96,206.47,1132150,233751175.22
2026-08-13,ACMESOLAR,207.41,214.3,206.81,213.21,1399492,298384974.01
2026-08-14,ACMESOLAR,212.09,222.04,208.72,221.05,1169030,258419530.36
2026-08-17,ACMESOLAR,221.74,225.29,216.57,224.16,1042186,233619617.67
2026-08-18,ACMESOLAR,223.46,223.89,223.18,223.36,1972393,440553635.87
2026-08-19,ACMESOLAR,225.72,227.23,224.0,224.48,1569821,352389994.98
2026-08-20,ACMESOLAR,226.59,231.54,225.5,230.54,2120299,488804113.25
2026-08-21,ACMESOLAR,230.6,232.75,228.39,232.75,1422261,331030688.85
2026-08-24,ACMESOLAR,232.92,234.96,230.5,230.54,1180426,272131620.81
2026-08-25,ACMESOLAR,230.41,237.07,228.63,233.5,1495838,349276920.23
2026-08-26,ACMESOLAR,233.89,243.68,231.29,243.24,2019422,491213413.61
2026-08-27,ACMESOLAR,243.77,246.25,232.68,234.41,1659066,388907455.83
2026-08-28,ACMESOLAR,233.26,234.78,228.75,230.39,1314550,302855591.1
2026-08-31,ACMESOLAR,230.56,232.7,224.06,224.39,1739344,390294132.15
2026-09-01,ACMESOLAR,222.5,223.04,220.64,221.98,2270442,503988516.69
2026-09-02,ACMESOLAR,222.55,225.44,219.33,220.24,1751139,385677190.19
2026-09-03,ACMESOLAR,218.48,221.06,218.21,220.5,932762,205673240.22
2026-09-04,ACMESOLAR,219.65,222.86,217.28,222.77,1013463,225770499.62
2026-09-07,ACMESOLAR,223.46,223.48,221.68,222.03,918171,203865180.94
2026-09-08,ACMESOLAR,223.03,224.08,222.09,222.37,1846389,410586549.02
2026-09-09,ACMESOLAR,223.41,223.88,218.92,221.2,1769154,391329921.22
2026-09-10,ACMESOLAR,221.83,222.04,217.66,218.34,2060490,449897025.96
2026-09-11,ACMESOLAR,219.54,219.64,208.74,209.33,2088030,437090679.3
2026-09-14,ACMESOLAR,209.66,210.11,209.64,209.96,939511,197256724.71
2026-09-16,ACMESOLAR,209.41,210.84,206.28,208.06,1384062,287968585.15
2026-09-17,ACMESOLAR,207.88,208.05,204.49,204.93,1630293,334099686.7
2026-09-18,ACMESOLAR,204.06,213.13,202.05,212.66,1774452,377362149.37
2026-09-21,ACMESOLAR,211.64,220.48,209.48,220.06,2247010,494476844.42
2026-09-22,ACMESOLAR,220.1,224.31,219.93,223.36,1698939,379468607.68
2026-09-23,ACMESOLAR,224.26,225.43,219.64,221.26,1153847,255295676.22
2026-09-24,ACMESOLAR,221.49,224.36,218.55,221.18,1662433,367700421.09
2026-09-25,ACMESOLAR,221.84,224.21,221.36,222.36,1135423,252475317.53
2026-09-28,ACMESOLAR,222.43,227.12,221.62,225.05,1791733,403231704.35
2025-09-01,QPOWER,310.11,310.27,306.85,310.04,1900682,589280832.69
2025-09-02,QPOWER,309.93,313.45,305.91,311.4,1177343,366625633.46
2025-09-03,QPOWER,310.69,311.07,304.77,305.76,1559522,476845580.11
2025-09-04,QPOWER,304.28,305.79,300.79,302.42,1915902,579414784.98
2025-09-05,QPOWER,304.8,306.04,294.11,295.53,1650381,487736298.25
2025-09-08,QPOWER,294.26,296.69,288.2,295.05,1373817,405350607.93
2025-09-09,QPOWER,295.13,299.74,292.46,298.31,965463,288011213.37
2025-09-10,QPOWER,297.22,299.61,294.27,299.02,1902782,568973331.71
2025-09-11,QPOWER,297.42,303.55,294.6,302.53,1488933,450445776.58
2025-09-12,QPOWER,302.19,302.99,297.2,298.55,2245062,670274398.39
2025-09-15,QPOWER,299.71,308.87,297.62,306.93,968067,297124880.34
2025-09-16,QPOWER,306.7,312.46,303.9,306.22,1675745,513150474.28
2025-09-17,QPOWER,305.22,305.54,303.48,304.84,1171694,357183725.73
2025-09-18,QPOWER,305.73,321.31,302.75,315.03,1453957,458037294.36
2025-09-19,QPOWER,315.88,318.13,310.73,312.76,1499217,468889727.84
2025-09-22,QPOWER,309.83,311.63,309.64,311.48,1619909,504564201.61
2025-09-23,QPOWER,312.38,313.95,308.77,309.26,1711720,529369374.5
2025-09-24,QPOWER,309.56,315.95,309.12,315.94,1394120,440456333.78
2025-09-25,QPOWER,316.7,332.83,313.37,332.78,2205487,733942446.88
2025-09-26,QPOWER,333.44,339.41,333.41,339.37,1862734,632162850.75
2025-09-29,QPOWER,338.59,343.82,335.96,337.01,1848437,622937859.19
2025-09-30,QPOWER,338.74,339.59,334.59,334.71,2017224,675194282.81
2025-10-01,QPOWER,336.26,337.55,330.26,334.12,1920893,641817001.67
2025-10-03,QPOWER,333.22,333.45,330.93,332.48,2079048,691236156.29
2025-10-06,QPOWER,334.05,342.25,330.7,339.06,1144961,388206272.68
2025-10-07,QPOWER,343.52,344.7,331.57,336.08,1384797,465404220.83
2025-10-08,QPOWER,334.94,336.13,329.91,330.59,1396468,461655867.26
2025-10-09,QPOWER,332.5,335.76,323.5,325.98,1729285,563707351.11
2025-10-10,QPOWER,326.29,328.82,323.87,325.2,1757865,571652864.99
2025-10-13,QPOWER,327.07,332.05,318.63,319.64,1502256,480180269.69
2025-10-14,QPOWER,320.5,322.7,318.92,322.26,1238060,398975828.25
2025-10-15,QPOWER,322.37,326.45,319.89,325.82,1317864,429385051.85
2025-10-16,QPOWER,323.26,327.54,320.69,327.21,905721,296357878.85
2025-10-17,QPOWER,326.09,327.93,320.39,321.06,1637839,525846178.71
2025-10-20,QPOWER,318.7,323.38,315.88,322.4,1803997,581604209.45
2025-10-23,QPOWER,322.52,327.23,320.55,327.17,1338097,437783568.06
2025-10-24,QPOWER,326.89,326.89,313.69,319.52,1050545,335668659.02
2025-10-27,QPOWER,317.26,319.65,314.81,319.23,1871811,597532819.12
2025-10-28,QPOWER,316.25,329.39,314.59,324.24,975659,316350742.58
2025-10-29,QPOWER,324.14,324.73,313.24,313.46,1163308,364650431.45
2025-10-30,QPOWER,310.37,314.9,307.75,314.29,1960339,616121227.45
2025-10-31,QPOWER,315.57,319.67,309.06,312.08,2086732,651237517.03
2025-11-03,QPOWER,311.78,313.55,307.18,311.87,1523489,475127250.84
2025-11-04,QPOWER,312.15,312.33,297.45,304.29,2183786,664510765.95
2025-11-06,QPOWER,303.69,310.42,301.58,307.86,1445588,445033635.54
2025-11-07,QPOWER,305.61,308.07,297.27,300.91,1137131,342175809.86
2025-11-10,QPOWER,301.5,305.92,301.31,303.07,1254847,380311898.14
2025-11-11,QPOWER,302.84,309.11,299.35,303.52,2181159,662029082.76
2025-11-12,QPOWER,303.96,304.71,303.65,304.22,1132091,344401656.76
2025-11-13,QPOWER,306.7,311.23,300.57,301.83,1766455,533177641.37
2025-11-14,QPOWER,300.09,307.38,298.37,304.6,2166462,659914122.93
2025-11-17,QPOWER,308.87,310.07,293.58,298.88,1282408,383285269.91
2025-11-18,QPOWER,296.9,306.23,296.58,305.96,2097393,641727808.8
2025-11-19,QPOWER,305.4,305.6,302.63,304.67,1014136,308977619.19
2025-11-20,QPOWER,303.96,309.88,303.0,307.99,2035681,626976582.48
2025-11-21,QPOWER,306.97,316.99,304.06,314.83,1057086,332802946.54
2025-11-24,QPOWER,315.36,321.45,313.01,314.16,2267213,712269219.26
2025-11-25,QPOWER,313.11,321.35,310.29,320.83,1440945,462295923.88
2025-11-26,QPOWER,321.15,325.05,319.25,323.01,2165491,699468614.83
2025-11-27,QPOWER,319.96,331.83,318.81,330.72,2018067,667405967.4
2025-11-28,QPOWER,331.08,337.08,327.85,336.29,2086714,701743669.42
2025-12-01,QPOWER,335.09,346.99,330.24,344.43,1656443,570526548.45
2025-12-02,QPOWER,345.46,348.72,341.31,341.85,1750243,598320349.19
2025-12-03,QPOWER,339.81,341.07,337.17,337.24,1034406,348846141.56
2025-12-04,QPOWER,340.27,341.38,331.3,333.35,915333,305130316.86
2025-12-05,QPOWER,333.73,338.97,328.01,328.89,1240884,408119906.23
2025-12-08,QPOWER,328.57,337.2,326.62,335.8,1536477,515947338.84
2025-12-09,QPOWER,338.24,342.12,328.58,330.93,1224796,405317370.34
2025-12-10,QPOWER,331.69,331.93,323.32,325.28,2034877,661897985.86
2025-12-11,QPOWER,322.49,332.89,322.47,331.1,1965607,650806598.74
2025-12-12,QPOWER,335.12,335.46,321.17,321.74,1287072,414104869.06
2025-12-15,QPOWER,320.92,323.75,313.0,313.44,2084288,653308441.37
2025-12-16,QPOWER,310.69,320.06,306.97,315.86,1333831,421308897.68
2025-12-17,QPOWER,315.45,318.51,305.56,306.8,2088720,640823773.83
2025-12-18,QPOWER,303.89,305.97,303.09,305.39,1867557,570328184.75
2025-12-19,QPOWER,308.67,314.51,303.52,313.21,2056101,643983771.33
2025-12-22,QPOWER,312.28,320.16,311.28,317.01,1981816,628258829.6
2025-12-23,QPOWER,315.59,317.91,314.19,317.45,1757537,557929073.48
2025-12-24,QPOWER,319.43,323.17,304.68,305.61,1551317,474093634.31
2025-12-26,QPOWER,306.75,310.42,305.61,306.11,1350780,413481708.47
2025-12-29,QPOWER,306.08,311.38,304.97,309.14,1093049,337900872.99
2025-12-30,QPOWER,308.04,314.03,304.4,312.94,2211057,691925573.8
2025-12-31,QPOWER,314.55,317.86,307.21,312.53,1249605,390536260.01
2026-01-01,QPOWER,311.69,314.14,301.85,309.86,930009,288175402.91
2026-01-02,QPOWER,308.27,310.93,306.34,308.13,1504635,463625744.59
2026-01-05,QPOWER,308.35,315.84,307.39,313.77,1598740,501634881.69
2026-01-06,QPOWER,314.24,315.02,311.2,311.32,951491,296219539.73
2026-01-07,QPOWER,311.07,311.88,298.31,300.95,1548548,466041190.3
2026-01-08,QPOWER,297.04,303.79,294.07,300.77,2108134,634069789.14
2026-01-09,QPOWER,303.18,306.96,297.05,299.28,1632067,488448397.91
2026-01-12,QPOWER,298.73,316.28,296.82,311.27,1774265,552282176.46
2026-01-13,QPOWER,313.37,321.49,312.83,316.45,1542226,488031003.19
2026-01-14,QPOWER,318.6,328.63,317.98,328.44,1463615,480704929.53
2026-01-15,QPOWER,329.76,333.93,321.94,324.32,1573125,510192489.38
2026-01-16,QPOWER,325.99,327.47,322.88,323.68,2127507,688623278.74
2026-01-19,QPOWER,322.87,323.01,321.29,322.43,1433971,462351666.11
2026-01-20,QPOWER,324.01,325.02,321.58,322.0,2110397,679544430.5
2026-01-21,QPOWER,323.97,325.44,321.19,322.51,1717976,554063289.01
2026-01-22,QPOWER,324.85,325.97,319.71,322.49,1025496,330716555.72
2026-01-23,QPOWER,322.84,324.03,321.3,322.17,2247434,724057486.95
2026-01-27,QPOWER,323.58,337.3,323.37,328.23,1060090,347948481.01
2026-01-28,QPOWER,328.84,331.77,318.48,319.19,2019234,644521128.65
2026-01-29,QPOWER,318.83,319.55,314.73,318.37,2021684,643643716.73
2026-01-30,QPOWER,317.97,322.16,314.82,315.41,1218656,384375793.38
2026-02-02,QPOWER,316.22,317.8,309.9,312.72,1355671,423948346.49
2026-02-03,QPOWER,313.65,314.6,307.79,308.3,1836712,566265807.05
2026-02-04,QPOWER,308.72,311.59,302.43,304.62,1206233,367447570.27
2026-02-05,QPOWER,304.04,306.01,301.88,303.75,1177596,357689229.52
2026-02-06,QPOWER,304.95,306.06,292.97,294.06,1563737,459826002.9
2026-02-09,QPOWER,293.57,294.34,290.12,294.23,1026807,302112942.04
2026-02-10,QPOWER,294.99,302.88,291.88,302.18,2060251,622563678.09
2026-02-11,QPOWER,303.1,309.64,298.37,306.17,2026801,620538280.08
2026-02-12,QPOWER,304.8,306.57,298.74,301.06,1024211,308345033.63
2026-02-13,QPOWER,302.68,308.04,300.64,305.99,1796998,549860018.47
2026-02-16,QPOWER,306.5,310.95,306.09,308.88,2052159,633880283.59
2026-02-17,QPOWER,309.69,310.53,308.3,308.97,1466182,453000369.01
2026-02-18,QPOWER,307.38,307.92,303.36,304.02,916954,278771572.79
2026-02-19,QPOWER,303.21,306.88,297.88,299.19,1271683,380477586.58
2026-02-20,QPOWER,298.94,311.28,298.76,311.11,1254889,390413579.64
2026-02-23,QPOWER,311.65,315.23,309.58,310.95,1600427,497645098.1
2026-02-24,QPOWER,309.8,310.83,295.97,297.87,2314048,689294979.12
2026-02-25,QPOWER,295.85,310.98,295.23,306.83,1085817,333157965.99
2026-02-26,QPOWER,306.98,307.61,294.3,297.11,1089907,323826860.57
2026-02-27,QPOWER,299.86,302.66,294.93,295.18,1102345,325384862.5
2026-03-02,QPOWER,295.24,297.4,293.99,296.73,2138720,634623105.06
2026-03-04,QPOWER,297.71,300.37,281.28,283.66,1338158,379575881.27
2026-03-05,QPOWER,284.49,288.07,283.11,285.63,1269007,362469560.03
2026-03-06,QPOWER,288.82,290.42,279.66,281.98,1817334,512446075.75
2026-03-09,QPOWER,283.31,283.37,279.28,280.98,1395212,392022569.37
2026-03-10,QPOWER,281.16,289.7,278.32,282.97,1833534,518835215.32
2026-03-11,QPOWER,282.34,282.88,280.46,281.79,922922,260068655.15
2026-03-12,QPOWER,280.34,286.63,279.28,285.24,1318806,376170754.77
2026-03-13,QPOWER,286.3,288.14,282.21,285.93,1078155,308281236.24
2026-03-16,QPOWER,285.09,292.56,284.22,290.04,1636327,474593244.14
2026-03-17,QPOWER,289.74,295.19,288.74,293.87,1101528,323706336.09
2026-03-18,QPOWER,294.16,303.08,293.74,299.1,2046702,612168468.31
2026-03-19,QPOWER,299.34,303.94,298.85,300.89,971733,292381792.17
2026-03-20,QPOWER,300.25,303.4,297.33,297.91,959125,285729998.87
2026-03-23,QPOWER,299.59,299.71,288.27,288.75,1164401,336222868.65
2026-03-24,QPOWER,289.84,297.31,289.35,294.76,1117912,329511228.1
2026-03-25,QPOWER,294.36,295.94,290.67,292.4,2207142,645366453.8
2026-03-27,QPOWER,291.26,294.13,291.09,291.93,2320855,677526657.07
2026-03-30,QPOWER,292.26,296.23,287.13,289.76,1401953,406232456.95
2026-03-31,QPOWER,287.41,294.67,285.29,292.89,2272930,665710441.1
2026-04-01,QPOWER,293.03,296.67,284.91,285.52,2175946,621265799.64
2026-04-02,QPOWER,286.33,290.15,280.4,282.64,916902,259156087.23
2026-04-06,QPOWER,282.39,283.48,280.14,281.69,1308184,368501504.07
2026-04-07,QPOWER,282.3,282.67,279.67,281.34,1172758,329940881.26
2026-04-08,QPOWER,280.83,288.18,280.5,286.33,1611049,461295694.94
2026-04-09,QPOWER,285.49,294.5,280.53,294.06,2026454,595904508.77
2026-04-10,QPOWER,295.16,295.2,287.22,293.24,2298009,673870668.38
2026-04-13,QPOWER,292.15,299.84,290.57,297.84,2244969,668637043.38
2026-04-15,QPOWER,297.33,301.82,294.22,299.73,1211688,363180844.35
2026-04-16,QPOWER,301.24,304.3,289.56,290.32,2165306,628629669.19
2026-04-17,QPOWER,288.1,294.67,285.87,292.88,1484741,434844667.33
2026-04-20,QPOWER,292.98,294.52,286.78,287.23,1173253,336995090.87
2026-04-21,QPOWER,286.9,290.48,282.03,284.4,1739946,494842998.11
2026-04-22,QPOWER,283.79,290.44,283.71,287.39,1480487,425481607.49
2026-04-23,QPOWER,288.15,291.9,287.32,287.71,2154105,619751254.95
2026-04-24,QPOWER,287.94,289.32,286.2,287.62,1678706,482824924.37
2026-04-27,QPOWER,286.1,288.89,281.27,285.24,1075312,306718226.05
2026-04-28,QPOWER,282.56,290.16,281.33,288.95,2284581,660126327.51
2026-04-29,QPOWER,288.16,291.91,285.37,286.05,1303784,372943704.92
2026-04-30,QPOWER,285.5,286.71,284.38,286.45,1500544,429823629.23
2026-05-04,QPOWER,288.89,289.92,287.44,289.19,1947912,563312831.1
2026-05-05,QPOWER,287.62,289.23,281.9,284.12,1703130,483891551.43
2026-05-06,QPOWER,283.31,290.88,282.39,288.05,1673680,482100945.46
2026-05-07,QPOWER,286.35,287.58,282.89,283.3,2304189,652787723.62
2026-05-08,QPOWER,283.06,287.14,280.15,283.84,1409806,400154581.65
2026-05-11,QPOWER,285.11,291.73,284.33,290.12,1836813,532893920.67
2026-05-12,QPOWER,287.29,291.54,281.73,282.4,1342478,379112810.63
2026-05-13,QPOWER,282.16,283.64,276.52,280.58,1400116,392838994.69
2026-05-14,QPOWER,283.16,285.74,275.49,282.49,1807632,510642094.95
2026-05-15,QPOWER,283.85,284.1,276.01,276.26,1811954,500566829.77
2026-05-18,QPOWER,277.64,278.79,273.8,275.27,2086212,574275801.92
2026-05-19,QPOWER,276.56,277.59,276.16,276.79,1608813,445304167.01
2026-05-20,QPOWER,276.4,276.67,267.05,267.34,1404430,375465466.84
2026-05-21,QPOWER,268.08,274.18,264.37,272.39,1013607,276092280.96
2026-05-22,QPOWER,272.05,273.7,269.79,270.6,1396908,378006167.73
2026-05-25,QPOWER,273.01,274.06,261.41,261.5,1324455,346346762.8
2026-05-26,QPOWER,263.93,263.97,254.74,256.22,2059019,527568508.59
2026-05-27,QPOWER,255.47,259.51,252.04,258.5,1568849,405553543.73
2026-05-28,QPOWER,259.02,261.03,258.0,260.0,1816678,472329855.25
2026-05-29,QPOWER,259.83,266.74,259.03,265.37,1456033,386392349.07
2026-06-01,QPOWER,264.51,268.53,263.09,263.32,2304809,606895425.66
2026-06-02,QPOWER,259.67,273.42,256.55,267.61,1639174,438651800.95
2026-06-03,QPOWER,268.48,268.65,259.54,263.27,1153026,303556633.35
2026-06-04,QPOWER,263.44,264.71,261.04,264.25,1981372,523586898.84
2026-06-05,QPOWER,266.28,266.42,259.88,262.32,2078629,545259014.81
2026-06-08,QPOWER,262.19,266.15,261.65,263.54,1576227,415397513.73
2026-06-09,QPOWER,264.55,266.3,260.45,266.29,1503693,400422385.27
2026-06-10,QPOWER,264.88,266.05,263.09,264.3,1169504,309103026.6
2026-06-11,QPOWER,264.23,273.38,263.89,271.35,1807911,490579127.2
2026-06-12,QPOWER,273.03,281.06,271.94,276.91,1002833,277699148.98
2026-06-15,QPOWER,277.59,280.79,275.91,279.02,921783,257191705.97
2026-06-16,QPOWER,280.1,287.07,280.07,282.8,1124543,318016015.34
2026-06-17,QPOWER,283.13,283.36,276.68,279.66,1832086,512361194.93
2026-06-18,QPOWER,279.18,280.62,276.71,278.33,1225601,341124246.1
2026-06-19,QPOWER,276.77,290.16,276.04,286.78,1925404,552176237.58
2026-06-22,QPOWER,289.41,297.24,286.57,293.09,1325446,388476208.05
2026-06-23,QPOWER,291.54,291.74,288.0,289.17,2306510,666966741.5
2026-06-24,QPOWER,286.02,288.29,284.38,285.64,1107164,316245945.6
2026-06-25,QPOWER,285.19,287.27,278.51,279.26,1552211,433466313.99
2026-06-26,QPOWER,277.43,277.77,273.31,275.21,2300348,633087086.15
2026-06-29,QPOWER,274.72,280.75,272.24,279.36,2120434,592373224.26
2026-06-30,QPOWER,278.25,280.09,276.71,279.24,1983968,553996040.37
2026-07-01,QPOWER,279.3,284.28,278.58,283.51,1859702,527244227.47
2026-07-02,QPOWER,284.47,286.28,283.38,284.42,2081999,592158985.85
2026-07-03,QPOWER,285.01,289.65,281.78,286.65,1335698,382876126.16
2026-07-06,QPOWER,285.61,295.85,284.43,288.06,2220038,639509835.72
2026-07-07,QPOWER,287.9,288.25,281.38,284.72,945071,269075957.89
2026-07-08,QPOWER,284.06,286.14,281.01,285.52,1691498,482950989.83
2026-07-09,QPOWER,287.31,289.39,284.25,288.12,1796173,517519748.94
2026-07-10,QPOWER,290.17,292.29,288.71,292.16,1858207,542899239.08
2026-07-13,QPOWER,290.98,292.89,288.68,291.12,960837,279723134.7
2026-07-14,QPOWER,291.27,291.79,285.35,286.84,1925735,552383932.91
2026-07-15,QPOWER,285.79,300.28,283.16,297.24,1506651,447838811.86
2026-07-16,QPOWER,296.86,301.4,292.87,298.75,2173653,649382630.6
2026-07-17,QPOWER,298.4,315.94,295.35,315.68,2283359,720809160.2
2026-07-20,QPOWER,313.44,313.95,307.41,307.81,1955282,601851091.2
2026-07-21,QPOWER,309.01,312.18,301.34,303.99,2190555,665898989.98
2026-07-22,QPOWER,304.61,305.89,291.01,296.68,2203140,653616616.43
2026-07-23,QPOWER,296.73,298.45,295.07,295.43,1479369,437049747.32
2026-07-24,QPOWER,293.83,294.73,290.93,292.27,1214927,355084563.34
2026-07-27,QPOWER,291.73,296.7,290.41,293.47,1536279,450857987.04
2026-07-28,QPOWER,290.5,291.43,289.74,290.32,974511,282916866.42
2026-07-29,QPOWER,290.36,292.7,287.66,287.86,1417394,408004618.28
2026-07-30,QPOWER,288.73,289.58,287.94,289.04,1463667,423058688.52
2026-07-31,QPOWER,287.18,290.55,287.09,289.17,1519851,439492304.86
2026-08-03,QPOWER,289.67,294.72,287.87,288.0,1471746,423864142.9
2026-08-04,QPOWER,287.34,296.94,281.18,293.82,2299197,675543223.64
2026-08-05,QPOWER,292.77,295.23,291.77,293.95,1772386,520990717.72
2026-08-06,QPOWER,293.4,299.81,290.56,296.97,1753442,520726473.87
2026-08-07,QPOWER,295.7,299.99,291.67,294.1,1649310,485066361.93
2026-08-10,QPOWER,297.02,304.54,294.52,301.37,1083390,326505348.01
2026-08-11,QPOWER,302.03,306.21,298.38,304.81,1611945,491332108.66
2026-08-12,QPOWER,305.47,316.56,303.71,316.42,2079369,657963266.95
2026-08-13,QPOWER,316.17,317.34,306.52,310.06,1164943,361196686.81
2026-08-14,QPOWER,311.14,312.17,308.28,310.59,1380037,428623217.38
2026-08-17,QPOWER,311.11,312.04,309.73,310.92,1588333,493846442.79
2026-08-18,QPOWER,310.02,314.42,309.0,310.9,1407951,437736133.18
2026-08-19,QPOWER,311.18,311.75,303.41,306.6,1592305,488196533.08
2026-08-20,QPOWER,306.27,308.48,303.02,304.89,2115236,644918650.91
2026-08-21,QPOWER,306.81,312.98,306.51,308.38,1458928,449909771.27
2026-08-24,QPOWER,309.79,312.1,305.13,311.25,2161118,672650835.73
2026-08-25,QPOWER,309.08,309.18,303.98,307.76,2166778,666838564.21
2026-08-26,QPOWER,305.52,305.74,298.77,301.16,1636879,492964555.7
2026-08-27,QPOWER,299.78,301.75,293.98,294.77,2152658,634547150.5
2026-08-28,QPOWER,295.62,297.62,287.9,291.65,1165922,340036283.02
2026-08-31,QPOWER,289.36,291.6,285.35,288.57,1659760,478958037.37
2026-09-01,QPOWER,289.7,295.7,288.48,292.71,1378581,403526221.99
2026-09-02,QPOWER,294.05,294.83,291.0,294.4,1214075,357419390.61
2026-09-03,QPOWER,295.45,296.0,278.82,283.13,2091358,592136067.99
2026-09-04,QPOWER,284.74,290.35,283.58,289.35,1372832,397235367.57
2026-09-07,QPOWER,289.51,292.2,283.48,283.76,1689307,479360048.65
2026-09-08,QPOWER,286.04,288.49,277.93,277.94,1058019,294061550.73
2026-09-09,QPOWER,278.6,279.73,272.33,275.48,2143068,590368880.85
2026-09-10,QPOWER,275.51,276.81,272.9,273.62,2024983,554069562.02
2026-09-11,QPOWER,272.23,274.62,270.58,271.51,1174809,318977627.68
2026-09-14,QPOWER,272.99,275.78,270.93,274.45,1090981,299415423.13
2026-09-16,QPOWER,273.77,273.82,267.88,268.5,1718606,461440635.94
2026-09-17,QPOWER,269.66,273.19,263.35,268.77,1285752,345574937.13
2026-09-18,QPOWER,267.95,268.53,266.57,268.38,1340276,359699069.68
2026-09-21,QPOWER,268.51,269.68,260.98,263.25,1775171,467308540.12
2026-09-22,QPOWER,262.28,262.92,261.82,262.21,2114648,554479335.42
2026-09-23,QPOWER,265.62,266.64,263.6,265.55,1672827,444217649.39
2026-09-24,QPOWER,265.16,272.36,264.33,269.61,1510907,407349096.38
2026-09-25,QPOWER,268.3,273.7,264.38,269.01,1053786,283482573.54
2026-09-28,QPOWER,267.11,274.97,263.97,269.84,2000146,539712141.83
2025-09-01,FINCABLES,1154.22,1182.5,1150.55,1181.94,1457935,1723192912.3
2025-09-02,FINCABLES,1180.45,1183.82,1174.71,1181.83,1049991,1240915053.29
2025-09-03,FINCABLES,1188.31,1200.29,1180.51,1181.01,1318298,1556925173.92
2025-09-04,FINCABLES,1180.63,1208.35,1171.32,1206.34,1036450,1250309788.91
2025-09-05,FINCABLES,1211.44,1231.78,1210.67,1223.34,1498096,1832676968.31
2025-09-08,FINCABLES,1219.12,1233.41,1167.25,1177.54,812166,956361934.69
2025-09-09,FINCABLES,1182.34,1185.87,1156.05,1167.72,1310628,1530445017.34
2025-09-10,FINCABLES,1163.32,1178.68,1158.3,1170.78,1254468,1468712098.42
2025-09-11,FINCABLES,1148.79,1183.38,1135.39,1178.63,1035185,1220101238.66
2025-09-12,FINCABLES,1173.92,1174.07,1132.52,1135.84,931596,1058142187.28
2025-09-15,FINCABLES,1127.21,1127.42,1111.87,1121.8,1274078,1429257642.62
2025-09-16,FINCABLES,1124.64,1156.8,1099.45,1146.58,1387181,1590514805.01
2025-09-17,FINCABLES,1143.02,1201.78,1128.8,1183.27,1339052,1584464940.84
2025-09-18,FINCABLES,1177.28,1183.21,1161.93,1173.5,831042,975230630.43
2025-09-19,FINCABLES,1175.6,1208.36,1164.12,1202.8,1558194,1874202534.48
2025-09-22,FINCABLES,1212.13,1217.11,1160.8,1167.8,1328572,1551507353.77
2025-09-23,FINCABLES,1159.65,1165.79,1149.1,1165.68,1265460,1475115790.16
2025-09-24,FINCABLES,1167.38,1196.12,1151.77,1190.54,728314,867090043.08
2025-09-25,FINCABLES,1195.94,1216.19,1193.38,1215.19,1007766,1224622575.92
2025-09-26,FINCABLES,1209.09,1214.96,1196.51,1211.48,978665,1185634762.6
2025-09-29,FINCABLES,1215.97,1233.89,1215.34,1231.05,1502834,1850060441.88
2025-09-30,FINCABLES,1234.32,1244.49,1197.06,1220.95,1012703,1236459518.62
2025-10-01,FINCABLES,1226.81,1229.11,1213.33,1218.53,1058778,1290157859.33
2025-10-03,FINCABLES,1219.36,1219.54,1191.51,1192.63,741721,884598142.42
2025-10-06,FINCABLES,1187.23,1209.79,1174.36,1207.78,1095847,1323540233.36
2025-10-07,FINCABLES,1197.78,1221.55,1183.65,1215.26,986133,1198410032.97
2025-10-08,FINCABLES,1212.99,1235.44,1205.44,1222.25,1102007,1346923370.63
2025-10-09,FINCABLES,1223.73,1233.0,1215.72,1232.33,1100597,1356294642.92
2025-10-10,FINCABLES,1231.73,1247.87,1230.54,1237.31,1025039,1268287870.15
2025-10-13,FINCABLES,1230.61,1257.54,1223.45,1238.46,678855,840735101.32
2025-10-14,FINCABLES,1244.95,1245.85,1214.43,1230.27,802957,987853675.6
2025-10-15,FINCABLES,1225.09,1225.87,1217.57,1223.56,1043629,1276941219.56
2025-10-16,FINCABLES,1212.88,1242.32,1208.02,1238.3,928911,1150266096.64
2025-10-17,FINCABLES,1242.5,1290.86,1227.54,1275.03,1092636,1393149121.46
2025-10-20,FINCABLES,1277.07,1288.88,1268.47,1286.36,1354308,1742130784.15
2025-10-23,FINCABLES,1281.47,1299.2,1229.34,1244.18,1568784,1951848704.61
2025-10-24,FINCABLES,1243.96,1260.59,1190.91,1212.29,806937,978243789.85
2025-10-27,FINCABLES,1217.56,1244.7,1205.38,1236.68,1559835,1929024076.32
2025-10-28,FINCABLES,1232.71,1281.76,1230.45,1267.32,1347507,1707718101.43
2025-10-29,FINCABLES,1269.98,1289.87,1263.25,1288.63,837844,1079670650.92
2025-10-30,FINCABLES,1285.02,1333.98,1279.93,1322.8,659284,872099841.16
2025-10-31,FINCABLES,1328.23,1346.09,1297.21,1297.23,1149649,1491360496.8
2025-11-03,FINCABLES,1291.86,1293.64,1252.4,1281.58,804948,1031606177.47
2025-11-04,FINCABLES,1283.78,1303.04,1281.02,1282.09,794969,1019223223.22
2025-11-06,FINCABLES,1288.02,1291.05,1255.31,1257.33,1455053,1829480652.41
2025-11-07,FINCABLES,1249.09,1305.12,1246.96,1281.71,1229015,1575244845.57
2025-11-10,FINCABLES,1286.42,1291.87,1273.95,1287.16,1062566,1367687887.03
2025-11-11,FINCABLES,1293.77,1297.83,1282.4,1282.69,762221,977691110.78
2025-11-12,FINCABLES,1288.37,1326.5,1285.78,1315.06,1037217,1364000342.79
2025-11-13,FINCABLES,1300.43,1318.08,1295.73,1314.53,690685,907928477.86
2025-11-14,FINCABLES,1321.02,1327.57,1309.49,1313.89,1253251,1646640038.27
2025-11-17,FINCABLES,1303.88,1308.55,1300.69,1306.52,706054,922471150.83
2025-11-18,FINCABLES,1308.67,1314.47,1270.27,1283.93,637007,817874434.93
2025-11-19,FINCABLES,1288.82,1290.06,1282.3,1285.9,683839,879346424.56
2025-11-20,FINCABLES,1279.35,1348.83,1273.22,1324.33,724405,959352796.95
2025-11-21,FINCABLES,1322.7,1326.2,1313.21,1316.15,1181008,1554389138.22
2025-11-24,FINCABLES,1311.72,1318.58,1267.49,1289.36,993821,1281397257.96
2025-11-25,FINCABLES,1306.0,1311.67,1266.19,1284.76,1252081,1608628334.39
2025-11-26,FINCABLES,1281.83,1296.1,1280.01,1285.03,1456603,1871780151.55
2025-11-27,FINCABLES,1280.42,1294.27,1277.76,1282.94,1344064,1724349063.3
2025-11-28,FINCABLES,1284.55,1298.8,1274.5,1293.53,1467710,1898526728.62
2025-12-01,FINCABLES,1289.57,1302.84,1288.81,1297.68,1102528,1430732214.07
2025-12-02,FINCABLES,1300.51,1309.19,1256.39,1270.09,1059169,1345238229.69
2025-12-03,FINCABLES,1275.85,1279.68,1259.34,1261.98,636508,803258328.73
2025-12-04,FINCABLES,1256.14,1261.86,1232.98,1241.56,1551338,1926079319.45
2025-12-05,FINCABLES,1251.86,1261.72,1220.46,1228.23,1509874,1854466058.1
2025-12-08,FINCABLES,1224.25,1236.99,1209.75,1236.79,1262682,1561672955.93
2025-12-09,FINCABLES,1227.82,1258.88,1216.02,1250.63,1033490,1292514593.26
2025-12-10,FINCABLES,1259.78,1278.99,1193.87,1194.48,762573,910881876.93
2025-12-11,FINCABLES,1196.85,1233.38,1186.65,1225.22,1522468,1865352379.33
2025-12-12,FINCABLES,1232.57,1234.62,1187.04,1204.79,686040,826537466.01
2025-12-15,FINCABLES,1214.1,1217.84,1181.29,1207.45,815453,984616890.15
2025-12-16,FINCABLES,1207.7,1218.56,1204.05,1216.7,843145,1025856229.91
2025-12-17,FINCABLES,1208.34,1210.3,1189.57,1203.15,1220824,1468831778.61
2025-12-18,FINCABLES,1208.46,1208.98,1133.59,1146.34,994846,1140430192.93
2025-12-19,FINCABLES,1150.47,1161.24,1142.28,1160.52,1432628,1662589688.03
2025-12-22,FINCABLES,1156.47,1172.79,1155.34,1162.32,703745,817976443.5
2025-12-23,FINCABLES,1153.89,1157.64,1143.59,1152.32,1405894,1620035797.9
2025-12-24,FINCABLES,1153.51,1177.11,1152.71,1168.22,1049114,1225596875.82
2025-12-26,FINCABLES,1157.25,1196.99,1156.86,1193.86,1563216,1866260137.66
2025-12-29,FINCABLES,1209.29,1214.27,1156.34,1161.16,860244,998882070.96
2025-12-30,FINCABLES,1166.08,1166.25,1143.79,1148.58,798741,917415728.29
2025-12-31,FINCABLES,1155.92,1168.6,1151.02,1163.97,1225463,1426401765.75
2026-01-01,FINCABLES,1166.83,1195.83,1143.97,1185.14,1220576,1446557141.65
2026-01-02,FINCABLES,1181.75,1194.51,1161.38,1166.9,686779,801401525.96
2026-01-05,FINCABLES,1162.74,1197.76,1141.01,1195.25,1000475,1195822660.46
2026-01-06,FINCABLES,1203.34,1219.51,1146.48,1168.39,1321685,1544246882.78
2026-01-07,FINCABLES,1170.31,1192.73,1165.98,1183.1,1279058,1513258935.46
2026-01-08,FINCABLES,1190.21,1192.2,1159.4,1160.79,819703,951499499.85
2026-01-09,FINCABLES,1170.04,1170.16,1130.5,1133.07,829072,939398049.17
2026-01-12,FINCABLES,1126.36,1167.09,1119.9,1165.46,1503028,1751717687.26
2026-01-13,FINCABLES,1163.5,1178.32,1149.69,1173.67,1360654,1596952185.52
2026-01-14,FINCABLES,1175.7,1194.86,1162.45,1169.5,771838,902663308.64
2026-01-15,FINCABLES,1172.07,1187.79,1163.41,1170.2,1113702,1303258228.27
2026-01-16,FINCABLES,1160.08,1168.37,1155.99,1166.37,987606,1151909111.62
2026-01-19,FINCABLES,1169.4,1195.6,1150.5,1183.89,828465,980813129.94
2026-01-20,FINCABLES,1182.86,1234.17,1176.05,1232.16,1343831,1655811761.81
2026-01-21,FINCABLES,1233.16,1265.21,1224.09,1248.87,1460761,1824301752.41
2026-01-22,FINCABLES,1248.8,1261.17,1243.43,1247.31,1208840,1507795385.42
2026-01-23,FINCABLES,1259.89,1261.01,1241.89,1245.16,1417515,1765026153.23
2026-01-27,FINCABLES,1248.48,1266.26,1246.82,1264.08,919079,1161788967.67
2026-01-28,FINCABLES,1267.13,1276.66,1258.8,1268.95,1057532,1341957255.72
2026-01-29,FINCABLES,1274.36,1293.89,1247.15,1257.5,1379337,1734521250.41
2026-01-30,FINCABLES,1259.47,1313.74,1255.75,1302.87,1420153,1850270737.52
2026-02-02,FINCABLES,1297.01,1334.04,1285.02,1323.69,907390,1201099779.5
2026-02-03,FINCABLES,1334.29,1338.06,1326.02,1333.5,1273648,1698407292.2
2026-02-04,FINCABLES,1336.53,1341.13,1293.23,1319.55,951194,1255148754.64
2026-02-05,FINCABLES,1312.13,1356.14,1302.16,1348.59,1506690,2031904382.64
2026-02-06,FINCABLES,1356.51,1407.4,1340.29,1398.43,1548943,2166083250.06
2026-02-09,FINCABLES,1403.06,1446.72,1402.09,1438.77,1374906,1978175884.49
2026-02-10,FINCABLES,1429.94,1452.75,1403.83,1441.25,936884,1350282960.31
2026-02-11,FINCABLES,1438.87,1461.75,1382.56,1392.27,1153041,1605345889.81
2026-02-12,FINCABLES,1392.3,1404.66,1357.49,1358.24,631064,857139280.92
2026-02-13,FINCABLES,1371.3,1376.38,1366.63,1371.89,963847,1322288195.83
2026-02-16,FINCABLES,1368.2,1402.79,1365.23,1394.09,1214097,1692562416.08
2026-02-17,FINCABLES,1397.62,1420.41,1395.68,1412.97,1097788,1551136121.95
2026-02-18,FINCABLES,1410.45,1426.06,1409.76,1419.2,785748,1115136308.08
2026-02-19,FINCABLES,1422.62,1439.48,1378.46,1386.88,1302712,1806706373.59
2026-02-20,FINCABLES,1389.03,1399.18,1382.33,1396.68,1268979,1772353361.72
2026-02-23,FINCABLES,1396.63,1420.78,1349.53,1362.95,984130,1341321522.32
2026-02-24,FINCABLES,1371.58,1382.81,1339.37,1354.78,1510100,2045850710.22
2026-02-25,FINCABLES,1357.8,1385.56,1343.3,1378.86,1069142,1474200177.68
2026-02-26,FINCABLES,1372.74,1376.15,1362.97,1365.36,1304779,1781497214.82
2026-02-27,FINCABLES,1364.87,1366.58,1339.37,1345.31,1054875,1419130490.98
2026-03-02,FINCABLES,1353.31,1356.41,1345.43,1349.28,1290748,1741574953.15
2026-03-04,FINCABLES,1369.15,1391.08,1361.88,1388.3,1483871,2060054886.77
2026-03-05,FINCABLES,1385.34,1388.5,1377.33,1383.21,1237167,1711267243.21
2026-03-06,FINCABLES,1389.13,1462.73,1381.26,1443.29,656690,947792442.0
2026-03-09,FINCABLES,1449.44,1480.32,1433.5,1466.75,843835,1237696055.88
2026-03-10,FINCABLES,1466.1,1479.14,1410.26,1416.51,1491042,2112078781.9
2026-03-11,FINCABLES,1422.86,1430.28,1412.21,1419.17,815066,1156718282.64
2026-03-12,FINCABLES,1413.69,1436.55,1395.79,1397.69,757962,1059396596.74
2026-03-13,FINCABLES,1396.77,1436.83,1394.67,1425.36,797960,1137380700.3
2026-03-16,FINCABLES,1416.78,1457.1,1411.44,1433.51,1372056,1966860168.29
2026-03-17,FINCABLES,1430.28,1441.44,1399.6,1401.03,887110,1242867940.85
2026-03-18,FINCABLES,1391.9,1404.44,1372.69,1390.51,1289341,1792837081.96
2026-03-19,FINCABLES,1392.77,1400.58,1367.68,1372.02,1418410,1946087337.62
2026-03-20,FINCABLES,1376.44,1378.94,1353.05,1353.89,1179844,1597378595.15
2026-03-23,FINCABLES,1359.42,1366.37,1332.42,1339.42,1267780,1698086929.49
2026-03-24,FINCABLES,1352.12,1371.5,1347.35,1353.79,869038,1176494906.5
2026-03-25,FINCABLES,1351.43,1381.32,1331.13,1376.31,1283857,1766982629.95
2026-03-27,FINCABLES,1374.62,1413.37,1365.57,1406.36,1054307,1482737752.47
2026-03-30,FINCABLES,1395.12,1434.45,1384.64,1432.47,1055738,1512318145.56
2026-03-31,FINCABLES,1431.96,1442.09,1422.56,1424.19,1410239,2008447365.6
2026-04-01,FINCABLES,1435.72,1446.18,1417.0,1418.84,886733,1258131678.77
2026-04-02,FINCABLES,1422.19,1436.86,1418.46,1432.47,635113,909779701.85
2026-04-06,FINCABLES,1427.27,1462.43,1416.9,1453.12,851689,1237607815.79
2026-04-07,FINCABLES,1452.79,1467.39,1437.04,1459.72,898842,1312058456.05
2026-04-08,FINCABLES,1452.47,1477.71,1441.63,1460.21,1394078,2035650231.17
2026-04-09,FINCABLES,1460.56,1467.05,1446.61,1448.34,1201127,1739638549.05
2026-04-10,FINCABLES,1452.78,1459.55,1412.74,1423.41,1172638,1669140012.62
2026-04-13,FINCABLES,1427.56,1436.02,1410.48,1418.08,1501879,2129783279.12
2026-04-15,FINCABLES,1415.03,1418.76,1389.29,1411.52,689922,973838488.11
2026-04-16,FINCABLES,1398.64,1422.21,1389.99,1417.05,1206426,1709565239.97
2026-04-17,FINCABLES,1416.78,1419.39,1359.0,1369.54,637499,873080885.98
2026-04-20,FINCABLES,1359.91,1368.49,1358.85,1362.53,1174955,1600914712.95
2026-04-21,FINCABLES,1363.18,1370.72,1330.09,1343.96,1317969,1771294155.13
2026-04-22,FINCABLES,1342.89,1362.06,1326.44,1328.2,987206,1311207055.43
2026-04-23,FINCABLES,1323.16,1347.18,1298.19,1345.9,958328,1289812039.04
2026-04-24,FINCABLES,1340.29,1376.98,1320.28,1367.83,997204,1364001701.35
2026-04-27,FINCABLES,1369.4,1383.92,1346.92,1380.06,1357269,1873110959.8
2026-04-28,FINCABLES,1381.25,1395.44,1365.9,1367.76,910344,1245134649.9
2026-04-29,FINCABLES,1366.27,1393.12,1355.75,1387.88,865971,1201865439.16
2026-04-30,FINCABLES,1383.67,1391.59,1380.04,1380.98,740772,1022993066.19
2026-05-04,FINCABLES,1373.21,1404.16,1349.62,1393.66,850340,1185085431.37
2026-05-05,FINCABLES,1391.93,1395.37,1372.95,1375.29,1549499,2131006357.71
2026-05-06,FINCABLES,1376.9,1396.05,1375.9,1392.74,1565867,2180851715.05
2026-05-07,FINCABLES,1388.24,1408.3,1372.25,1401.24,1229487,1722810000.14
2026-05-08,FINCABLES,1398.43,1412.09,1348.62,1362.53,1529970,2084632233.19
2026-05-11,FINCABLES,1372.13,1378.16,1353.06,1358.82,760864,1033880594.3
2026-05-12,FINCABLES,1350.56,1350.74,1334.74,1346.14,875182,1178118214.9
2026-05-13,FINCABLES,1360.84,1371.36,1308.28,1309.97,745396,976449954.0
2026-05-14,FINCABLES,1308.09,1309.53,1295.28,1301.16,1296047,1686363177.41
2026-05-15,FINCABLES,1294.35,1340.22,1292.74,1336.83,672357,898825639.5
2026-05-18,FINCABLES,1339.42,1354.0,1337.88,1345.33,872211,1173411945.77
2026-05-19,FINCABLES,1333.37,1361.91,1331.94,1359.34,1310821,1781848118.77
2026-05-20,FINCABLES,1346.9,1352.58,1343.5,1349.81,1152396,1555516268.19
2026-05-21,FINCABLES,1356.13,1363.73,1349.3,1350.63,919938,1242499452.42
2026-05-22,FINCABLES,1349.75,1366.96,1334.06,1340.93,1351817,1812694277.57
2026-05-25,FINCABLES,1333.17,1343.01,1322.31,1337.55,761596,1018671617.32
2026-05-26,FINCABLES,1339.44,1347.74,1329.16,1334.07,1049741,1400427855.62
2026-05-27,FINCABLES,1331.11,1351.31,1325.23,1335.02,1150656,1536144278.24
2026-05-28,FINCABLES,1327.23,1328.21,1302.23,1305.2,1123030,1465781299.24
2026-05-29,FINCABLES,1304.62,1327.15,1299.15,1327.12,911310,1209417070.56
2026-06-01,FINCABLES,1322.34,1348.51,1311.68,1341.64,945036,1267897071.72
2026-06-02,FINCABLES,1341.78,1360.88,1335.79,1360.87,1429389,1945217995.13
2026-06-03,FINCABLES,1365.15,1382.98,1313.09,1322.9,1464280,1937094293.68
2026-06-04,FINCABLES,1318.05,1327.11,1289.76,1297.28,797915,1035121382.49
2026-06-05,FINCABLES,1294.5,1302.38,1283.06,1290.0,710599,916670427.79
2026-06-08,FINCABLES,1297.47,1302.74,1267.35,1283.68,1398477,1795203106.53
2026-06-09,FINCABLES,1285.22,1295.15,1284.8,1292.44,1453262,1878253551.06
2026-06-10,FINCABLES,1292.39,1305.27,1277.39,1293.66,647676,837873407.91
2026-06-11,FINCABLES,1291.54,1312.56,1287.84,1311.82,640261,839906721.27
2026-06-12,FINCABLES,1308.97,1314.55,1283.23,1286.83,1028246,1323176927.85
2026-06-15,FINCABLES,1276.67,1306.78,1270.15,1302.31,1133906,1476691751.76
2026-06-16,FINCABLES,1295.06,1337.62,1294.56,1321.14,1519347,2007269344.95
2026-06-17,FINCABLES,1316.01,1325.2,1309.51,1314.25,1387086,1822982274.22
2026-06-18,FINCABLES,1324.85,1332.26,1312.39,1313.02,1142784,1500496130.13
2026-06-19,FINCABLES,1322.1,1331.47,1309.33,1322.35,956756,1265168580.99
2026-06-22,FINCABLES,1341.99,1357.74,1295.51,1303.82,1457629,1900491808.26
2026-06-23,FINCABLES,1304.54,1350.75,1292.48,1349.59,1410741,1903927277.3
2026-06-24,FINCABLES,1347.25,1356.5,1337.84,1341.76,1465827,1966795212.28
2026-06-25,FINCABLES,1356.42,1368.76,1343.12,1352.2,1120228,1514768174.8
2026-06-26,FINCABLES,1362.72,1363.55,1310.92,1316.07,1509321,1986376547.7
2026-06-29,FINCABLES,1315.2,1327.86,1306.12,1317.59,1477861,1947216613.69
2026-06-30,FINCABLES,1317.4,1324.94,1306.71,1307.18,1110703,1451887383.59
2026-07-01,FINCABLES,1306.36,1317.44,1280.37,1297.08,1559307,2022548362.32
2026-07-02,FINCABLES,1287.78,1323.36,1286.73,1303.25,716050,933192179.77
2026-07-03,FINCABLES,1301.59,1355.96,1301.07,1335.67,1325193,1770015948.72
2026-07-06,FINCABLES,1333.27,1365.53,1331.13,1349.87,1439929,1943719256.29
2026-07-07,FINCABLES,1346.5,1411.95,1337.02,1387.91,1386677,1924580989.35
2026-07-08,FINCABLES,1397.52,1412.72,1329.48,1344.17,1494375,2008697647.03
2026-07-09,FINCABLES,1336.44,1358.91,1328.0,1350.6,1114139,1504757010.95
2026-07-10,FINCABLES,1355.0,1389.61,1348.32,1384.37,949581,1314573024.94
2026-07-13,FINCABLES,1383.04,1385.58,1382.31,1384.09,1270311,1758224796.77
2026-07-14,FINCABLES,1372.86,1398.98,1371.42,1397.71,864152,1207833712.67
2026-07-15,FINCABLES,1392.49,1410.48,1383.53,1401.3,1560078,2186142958.13
2026-07-16,FINCABLES,1404.76,1430.55,1402.5,1418.76,1229062,1743743432.64
2026-07-17,FINCABLES,1419.77,1438.54,1408.71,1418.11,986909,1399549981.58
2026-07-20,FINCABLES,1417.12,1430.41,1355.43,1356.44,1229040,1667123656.79
2026-07-21,FINCABLES,1352.4,1362.47,1330.46,1358.88,1375940,1869732854.78
2026-07-22,FINCABLES,1355.32,1357.31,1320.69,1326.05,894997,1186811316.46
2026-07-23,FINCABLES,1322.67,1354.11,1314.69,1342.22,971623,1304128073.24
2026-07-24,FINCABLES,1347.47,1425.67,1338.1,1422.63,1481262,2107293461.64
2026-07-27,FINCABLES,1419.92,1495.75,1409.81,1464.86,1224652,1793948537.49
2026-07-28,FINCABLES,1463.3,1474.56,1429.58,1430.18,1363108,1949483429.93
2026-07-29,FINCABLES,1439.9,1462.73,1385.9,1405.51,895416,1258516396.68
2026-07-30,FINCABLES,1419.85,1424.44,1367.74,1369.77,852455,1167664052.87
2026-07-31,FINCABLES,1360.23,1393.33,1343.85,1375.64,982349,1351357719.62
2026-08-03,FINCABLES,1373.7,1409.74,1373.54,1406.29,1031667,1450818973.09
2026-08-04,FINCABLES,1407.31,1417.95,1391.68,1396.28,1513798,2113686863.02
2026-08-05,FINCABLES,1411.58,1424.92,1358.98,1361.38,1431045,1948197474.35
2026-08-06,FINCABLES,1367.3,1375.04,1355.14,1359.85,1265760,1721244213.55
2026-08-07,FINCABLES,1358.02,1388.07,1343.23,1375.3,1146519,1576809399.66
2026-08-10,FINCABLES,1377.52,1423.18,1371.66,1421.38,1343313,1909359710.05
2026-08-11,FINCABLES,1426.52,1442.23,1422.88,1440.46,1271051,1830897783.39
2026-08-12,FINCABLES,1439.99,1446.6,1429.01,1446.54,1020574,1476297278.58
2026-08-13,FINCABLES,1436.67,1482.12,1428.85,1477.4,1550362,2290504390.52
2026-08-14,FINCABLES,1479.71,1505.04,1466.46,1488.41,1105909,1646043999.62
2026-08-17,FINCABLES,1495.67,1501.04,1442.97,1463.44,714481,1045599466.47
2026-08-18,FINCABLES,1468.88,1468.97,1442.09,1462.45,1189626,1739767421.78
2026-08-19,FINCABLES,1457.82,1484.13,1419.79,1438.28,984202,1415555739.42
2026-08-20,FINCABLES,1446.15,1472.24,1441.96,1470.73,1004961,1478026634.05
2026-08-21,FINCABLES,1468.37,1472.93,1463.73,1466.34,629570,923162476.05
2026-08-24,FINCABLES,1478.87,1493.5,1450.43,1455.0,1360135,1978991125.65
2026-08-25,FINCABLES,1458.98,1472.15,1443.94,1458.68,975970,1423632029.2
2026-08-26,FINCABLES,1459.78,1481.52,1453.38,1467.06,774721,1136559031.6
2026-08-27,FINCABLES,1456.29,1477.95,1443.47,1472.54,889797,1310262261.63
2026-08-28,FINCABLES,1476.65,1505.08,1474.87,1489.33,1230293,1832318034.63
2026-08-31,FINCABLES,1484.87,1489.56,1459.12,1463.32,858123,1255707039.99
2026-09-01,FINCABLES,1457.86,1457.92,1424.41,1434.74,1239270,1778027977.68
2026-09-02,FINCABLES,1426.34,1501.4,1413.56,1482.74,1218505,1806725574.14
2026-09-03,FINCABLES,1488.08,1492.57,1428.76,1440.36,1008253,1452250691.57
2026-09-04,FINCABLES,1441.97,1460.26,1425.82,1460.14,1022159,1492496871.05
2026-09-07,FINCABLES,1466.06,1477.1,1434.69,1437.35,1483327,2132062473.34
2026-09-08,FINCABLES,1439.45,1443.21,1431.8,1433.57,789392,1131650406.77
2026-09-09,FINCABLES,1438.84,1471.29,1431.94,1468.86,1540488,2262767330.62
2026-09-10,FINCABLES,1459.19,1485.03,1426.98,1436.38,611522,878375459.22
2026-09-11,FINCABLES,1442.37,1470.08,1428.01,1460.95,1110934,1623022364.67
2026-09-14,FINCABLES,1462.2,1463.78,1432.56,1435.12,619270,888728126.36
2026-09-16,FINCABLES,1439.3,1460.09,1425.27,1436.77,1418899,2038632368.93
2026-09-17,FINCABLES,1431.23,1435.22,1392.35,1403.51,626295,879009380.71
2026-09-18,FINCABLES,1395.5,1450.27,1377.84,1445.21,664534,960390454.5
2026-09-21,FINCABLES,1448.89,1504.21,1428.37,1484.87,694802,1031690784.64
2026-09-22,FINCABLES,1481.93,1514.79,1453.34,1473.8,1520014,2240197821.69
2026-09-23,FINCABLES,1468.59,1499.98,1435.2,1479.37,1447354,2141168060.66
2026-09-24,FINCABLES,1489.02,1500.18,1431.59,1449.32,775633,1124141599.91
2026-09-25,FINCABLES,1430.64,1442.04,1430.2,1436.92,653785,939439240.78
2026-09-28,FINCABLES,1441.09,1444.82,1424.96,1440.8,1045302,1506071651.79
2025-09-01,GRINDWELL,2254.31,2254.63,2216.0,2241.57,2270289,5089010785.53
2025-09-02,GRINDWELL,2226.72,2306.78,2213.88,2289.11,1773349,4059382411.57
2025-09-03,GRINDWELL,2288.09,2335.71,2274.91,2308.4,1449877,3346903229.65
2025-09-04,GRINDWELL,2318.01,2333.23,2243.36,2260.98,1710514,3867434473.97
2025-09-05,GRINDWELL,2271.21,2293.06,2178.89,2216.43,1822158,4038693574.49
2025-09-08,GRINDWELL,2205.41,2270.28,2191.49,2259.1,1384335,3127345904.8
2025-09-09,GRINDWELL,2270.94,2331.79,2249.94,2312.64,1520535,3516456159.73
2025-09-10,GRINDWELL,2305.42,2314.25,2238.46,2253.85,1077867,2429349082.81
2025-09-11,GRINDWELL,2250.54,2315.9,2235.9,2300.9,1935780,4454029685.47
2025-09-12,GRINDWELL,2290.79,2348.3,2289.48,2324.47,2017894,4690538572.97
2025-09-15,GRINDWELL,2310.51,2342.0,2286.35,2296.16,1498640,3441119879.52
2025-09-16,GRINDWELL,2301.39,2305.85,2268.13,2278.88,1567177,3571404893.65
2025-09-17,GRINDWELL,2287.16,2323.28,2171.49,2191.55,1896943,4157246355.12
2025-09-18,GRINDWELL,2197.33,2225.65,2177.62,2193.77,1083578,2377117335.91
2025-09-19,GRINDWELL,2185.14,2191.65,2109.19,2120.88,2249840,4771632279.84
2025-09-22,GRINDWELL,2110.3,2185.41,2077.77,2163.74,1293332,2798437712.67
2025-09-23,GRINDWELL,2144.86,2234.11,2134.29,2213.28,1112253,2461732565.75
2025-09-24,GRINDWELL,2224.49,2227.69,2167.29,2208.71,2229349,4923991866.75
2025-09-25,GRINDWELL,2239.63,2243.12,2158.38,2164.9,1104995,2392204203.69
2025-09-26,GRINDWELL,2158.7,2189.42,2137.35,2186.51,1759359,3846856103.65
2025-09-29,GRINDWELL,2208.58,2220.95,2146.05,2151.59,2360416,5078657289.77
2025-09-30,GRINDWELL,2165.99,2196.13,2157.58,2180.5,1544965,3368793745.74
2025-10-01,GRINDWELL,2196.16,2255.1,2169.4,2228.89,2142448,4775281488.48
2025-10-03,GRINDWELL,2224.0,2233.87,2195.9,2228.84,1902701,4240815068.76
2025-10-06,GRINDWELL,2228.93,2240.95,2216.82,2240.71,1075249,2409316582.35
2025-10-07,GRINDWELL,2228.55,2231.28,2220.02,2227.45,1885373,4199577516.37
2025-10-08,GRINDWELL,2229.05,2297.26,2214.19,2282.99,1693270,3865712769.62
2025-10-09,GRINDWELL,2289.05,2402.3,2279.0,2383.37,2263773,5395418425.9
2025-10-10,GRINDWELL,2386.81,2423.49,2364.44,2365.35,1742356,4121274104.99
2025-10-13,GRINDWELL,2371.67,2430.52,2364.63,2410.66,1180885,2846715287.79
2025-10-14,GRINDWELL,2392.48,2403.08,2333.81,2354.6,1585417,3733028243.67
2025-10-15,GRINDWELL,2356.41,2364.92,2316.1,2337.36,1887766,4412382129.81
2025-10-16,GRINDWELL,2353.58,2371.36,2297.38,2318.56,2363540,5480013973.17
2025-10-17,GRINDWELL,2301.7,2333.5,2275.43,2331.43,1451654,3384429654.27
2025-10-20,GRINDWELL,2333.2,2334.94,2256.95,2267.54,1436390,3257076289.2
2025-10-23,GRINDWELL,2256.34,2279.28,2241.15,2247.04,1565317,3517326056.59
2025-10-24,GRINDWELL,2257.42,2262.92,2197.96,2247.29,2023559,4547520964.26
2025-10-27,GRINDWELL,2252.71,2258.39,2163.81,2182.16,1662919,3628754421.8
2025-10-28,GRINDWELL,2173.18,2198.19,2172.15,2175.55,1052621,2290028560.6
2025-10-29,GRINDWELL,2170.17,2242.17,2153.83,2218.53,2189116,4856618529.54
2025-10-30,GRINDWELL,2173.95,2197.36,2167.47,2180.86,1421339,3099744092.95
2025-10-31,GRINDWELL,2179.29,2207.14,2160.29,2206.55,1775273,3917226686.41
2025-11-03,GRINDWELL,2213.78,2220.71,2141.02,2159.16,2271116,4903697358.66
2025-11-04,GRINDWELL,2173.26,2202.79,2112.33,2125.66,2416367,5136386519.28
2025-11-06,GRINDWELL,2140.65,2184.66,2119.65,2152.16,1444903,3109665580.19
2025-11-07,GRINDWELL,2148.22,2153.91,2137.36,2150.72,1064226,2288853713.33
2025-11-10,GRINDWELL,2156.77,2170.74,2121.88,2139.38,1792966,3835829038.92
2025-11-11,GRINDWELL,2171.9,2188.72,2099.14,2118.59,2095638,4439797490.25
2025-11-12,GRINDWELL,2112.41,2161.17,2093.42,2139.66,1651651,3533978168.71
2025-11-13,GRINDWELL,2142.17,2146.37,2099.66,2118.68,2032620,4306467359.93
2025-11-14,GRINDWELL,2122.25,2152.09,2120.01,2123.25,1425314,3026295119.32
2025-11-17,GRINDWELL,2123.1,2172.61,2110.05,2157.68,1379967,2977526079.89
2025-11-18,GRINDWELL,2151.37,2175.83,2062.76,2087.51,2066770,4314395835.87
2025-11-19,GRINDWELL,2093.65,2121.54,2069.19,2118.71,1794353,3801712903.77
2025-11-20,GRINDWELL,2122.6,2156.82,2108.13,2156.81,1746090,3765982869.81
2025-11-21,GRINDWELL,2170.36,2186.25,2163.39,2164.05,2107262,4560213969.46
2025-11-24,GRINDWELL,2165.49,2186.68,2160.68,2162.19,1104401,2387924804.49
2025-11-25,GRINDWELL,2167.78,2175.48,2121.33,2142.26,1225681,2625730360.31
2025-11-26,GRINDWELL,2139.16,2238.8,2106.37,2220.3,2268944,5037742580.4
2025-11-27,GRINDWELL,2258.37,2265.9,2234.67,2263.82,2127407,4816062983.57
2025-11-28,GRINDWELL,2246.97,2285.77,2232.84,2271.46,1773965,4029498880.65
2025-12-01,GRINDWELL,2281.28,2367.11,2264.47,2326.85,1897740,4415758176.35
2025-12-02,GRINDWELL,2336.58,2354.2,2292.44,2321.56,1583459,3676098994.36
2025-12-03,GRINDWELL,2312.3,2372.09,2309.18,2323.3,1476230,3429722067.48
2025-12-04,GRINDWELL,2326.53,2366.0,2316.39,2364.11,1003112,2371467506.2
2025-12-05,GRINDWELL,2359.12,2363.23,2323.0,2327.36,1007517,2344850847.44
2025-12-08,GRINDWELL,2338.03,2354.43,2323.15,2333.11,2109638,4922027814.25
2025-12-09,GRINDWELL,2332.15,2366.77,2329.04,2360.71,1947478,4597429374.0
2025-12-10,GRINDWELL,2364.02,2411.62,2329.78,2388.51,958193,2288650023.34
2025-12-11,GRINDWELL,2386.34,2411.94,2368.31,2370.06,1245193,2951180710.83
2025-12-12,GRINDWELL,2371.64,2372.21,2291.28,2310.69,1057124,2442686967.41
2025-12-15,GRINDWELL,2311.62,2313.86,2277.14,2294.69,1813954,4162460047.98
2025-12-16,GRINDWELL,2289.74,2308.57,2275.68,2299.3,1134004,2607418515.43
2025-12-17,GRINDWELL,2309.84,2382.2,2296.43,2371.81,1876042,4449621339.51
2025-12-18,GRINDWELL,2378.81,2441.26,2356.24,2416.94,1495645,3614883856.77
2025-12-19,GRINDWELL,2417.77,2436.26,2401.8,2425.71,1599208,3879211428.59
2025-12-22,GRINDWELL,2414.71,2452.73,2357.71,2378.9,1875904,4462582626.0
2025-12-23,GRINDWELL,2389.7,2402.05,2334.72,2355.61,1930542,4547599080.79
2025-12-24,GRINDWELL,2369.44,2383.96,2356.16,2360.46,1579348,3727980251.47
2025-12-26,GRINDWELL,2350.71,2376.49,2330.39,2330.72,2039076,4752519375.6
2025-12-29,GRINDWELL,2357.92,2382.92,2356.72,2375.01,1767836,4198621271.96
2025-12-30,GRINDWELL,2366.04,2375.29,2296.82,2341.49,951560,2228069908.27
2025-12-31,GRINDWELL,2351.52,2375.84,2347.73,2365.68,1475101,3489621054.31
2026-01-01,GRINDWELL,2359.91,2398.66,2320.79,2334.33,1948133,4547579221.07
2026-01-02,GRINDWELL,2338.08,2346.6,2329.06,2332.22,1235171,2880694676.08
2026-01-05,GRINDWELL,2325.44,2370.11,2314.74,2333.46,2355064,5495453727.95
2026-01-06,GRINDWELL,2345.38,2366.37,2331.7,2356.82,2014302,4747348306.24
2026-01-07,GRINDWELL,2355.25,2400.8,2341.17,2390.82,1033597,2471142330.34
2026-01-08,GRINDWELL,2405.61,2432.08,2396.06,2414.67,999502,2413470537.0
2026-01-09,GRINDWELL,2399.63,2424.94,2382.98,2409.01,2233795,5381236999.28
2026-01-12,GRINDWELL,2410.41,2489.28,2403.62,2487.25,1648129,4099305050.03
2026-01-13,GRINDWELL,2485.31,2489.78,2468.32,2480.77,2355993,5844671569.08
2026-01-14,GRINDWELL,2472.45,2517.9,2470.35,2493.07,1238753,3088301043.22
2026-01-15,GRINDWELL,2500.05,2573.92,2475.52,2557.0,2162436,5529349750.26
2026-01-16,GRINDWELL,2581.84,2598.03,2558.03,2575.45,1639661,4222858808.19
2026-01-19,GRINDWELL,2567.33,2628.33,2563.88,2620.51,1184616,3104298607.35
2026-01-20,GRINDWELL,2630.07,2653.94,2551.14,2563.62,1464555,3754566895.01
2026-01-21,GRINDWELL,2551.09,2552.14,2501.61,2517.15,1750313,4405800402.08
2026-01-22,GRINDWELL,2507.44,2516.36,2468.35,2508.65,1917054,4809210182.72
2026-01-23,GRINDWELL,2513.89,2525.3,2457.24,2476.94,2253739,5582379775.85
2026-01-27,GRINDWELL,2475.43,2525.03,2454.08,2521.37,1503302,3790378629.1
2026-01-28,GRINDWELL,2525.52,2549.28,2520.28,2530.82,1370831,3469330695.33
2026-01-29,GRINDWELL,2524.03,2563.87,2503.97,2545.32,1379978,3512485949.37
2026-01-30,GRINDWELL,2544.98,2558.37,2507.47,2528.52,2201568,5566704940.94
2026-02-02,GRINDWELL,2542.22,2560.72,2500.82,2556.84,1597394,4084281145.73
2026-02-03,GRINDWELL,2551.31,2628.38,2550.02,2601.89,1095640,2850729923.13
2026-02-04,GRINDWELL,2635.93,2667.39,2615.07,2617.61,2002026,5240526074.12
2026-02-05,GRINDWELL,2606.97,2643.75,2604.04,2626.47,1717589,4511197712.81
2026-02-06,GRINDWELL,2612.35,2639.06,2601.79,2638.76,1065078,2810488024.52
2026-02-09,GRINDWELL,2638.06,2684.89,2633.77,2676.52,1271442,3403038992.15
2026-02-10,GRINDWELL,2680.67,2748.06,2633.65,2712.59,2355295,6388948519.11
2026-02-11,GRINDWELL,2718.73,2762.55,2674.71,2746.0,1849410,5078472092.55
2026-02-12,GRINDWELL,2720.98,2796.08,2712.01,2783.65,1492704,4155163113.38
2026-02-13,GRINDWELL,2786.45,2850.72,2772.52,2803.39,1092417,3062476096.43
2026-02-16,GRINDWELL,2815.69,2830.53,2799.03,2813.14,1319120,3710875501.24
2026-02-17,GRINDWELL,2813.65,2850.1,2800.21,2844.04,2361871,6717261130.84
2026-02-18,GRINDWELL,2838.03,2886.52,2836.36,2885.56,1281960,3699171368.51
2026-02-19,GRINDWELL,2884.4,2890.86,2870.13,2876.24,1874976,5392873729.98
2026-02-20,GRINDWELL,2873.1,2892.17,2825.08,2846.18,2288499,6513489540.54
2026-02-23,GRINDWELL,2853.84,2904.34,2823.0,2887.76,1571003,4536677595.71
2026-02-24,GRINDWELL,2898.3,2922.01,2893.99,2904.31,1369685,3977991958.72
2026-02-25,GRINDWELL,2909.23,2912.69,2781.71,2815.84,1191085,3353908444.14
2026-02-26,GRINDWELL,2835.89,2861.31,2809.06,2814.34,1419728,3995598510.09
2026-02-27,GRINDWELL,2809.1,2898.04,2793.21,2881.33,1850552,5332045751.77
2026-03-02,GRINDWELL,2889.93,2911.95,2873.45,2887.97,2005416,5791576020.8
2026-03-04,GRINDWELL,2905.44,2989.63,2884.43,2979.15,2023048,6026972001.34
2026-03-05,GRINDWELL,2959.7,2960.16,2919.77,2947.62,1613495,4755974143.6
2026-03-06,GRINDWELL,2964.0,2973.25,2889.6,2915.82,1969949,5744013807.61
2026-03-09,GRINDWELL,2889.48,2968.31,2848.49,2940.59,2292328,6740785725.19
2026-03-10,GRINDWELL,2951.78,2987.34,2905.42,2915.17,946388,2758878727.48
2026-03-11,GRINDWELL,2939.35,2964.73,2870.15,2888.0,2170133,6267352842.11
2026-03-12,GRINDWELL,2890.46,2936.61,2881.85,2892.96,1268648,3670149352.91
2026-03-13,GRINDWELL,2873.32,2885.67,2860.9,2872.91,1999685,5744906566.36
2026-03-16,GRINDWELL,2842.93,2850.63,2818.18,2843.93,1092658,3107447947.5
2026-03-17,GRINDWELL,2845.01,2852.33,2767.54,2798.94,2009803,5625311707.11
2026-03-18,GRINDWELL,2781.24,2782.46,2688.35,2708.49,1700331,4605335409.23
2026-03-19,GRINDWELL,2705.47,2804.36,2690.69,2792.85,1152739,3219432338.93
2026-03-20,GRINDWELL,2795.72,2816.3,2726.2,2759.68,1135945,3134844297.48
2026-03-23,GRINDWELL,2773.5,2783.19,2771.75,2777.55,1734029,4816354400.25
2026-03-24,GRINDWELL,2787.74,2818.61,2780.75,2788.12,1716640,4786203031.95
2026-03-25,GRINDWELL,2776.5,2831.89,2760.48,2798.83,2064829,5779114196.42
2026-03-27,GRINDWELL,2815.05,2846.67,2784.53,2836.31,2086870,5919012252.71
2026-03-30,GRINDWELL,2841.5,2842.24,2706.19,2740.12,1835645,5029882694.38
2026-03-31,GRINDWELL,2723.37,2800.87,2705.53,2760.16,1775874,4901695478.84
2026-04-01,GRINDWELL,2771.06,2834.78,2757.23,2803.05,1511615,4237134145.77
2026-04-02,GRINDWELL,2777.98,2844.53,2738.31,2827.61,1667710,4715633304.48
2026-04-06,GRINDWELL,2843.98,2873.72,2817.55,2833.71,1543980,4375187456.92
2026-04-07,GRINDWELL,2835.23,2928.42,2826.17,2921.56,1501101,4385559427.45
2026-04-08,GRINDWELL,2898.01,2912.69,2834.0,2858.16,1681710,4806595081.41
2026-04-09,GRINDWELL,2866.87,2875.54,2753.46,2792.63,1600278,4468990950.94
2026-04-10,GRINDWELL,2802.67,2806.22,2742.95,2764.95,1840204,5088079698.67
2026-04-13,GRINDWELL,2767.72,2807.69,2754.89,2775.61,1580389,4386545419.52
2026-04-15,GRINDWELL,2776.67,2790.65,2706.72,2742.47,1819926,4991086066.69
2026-04-16,GRINDWELL,2763.52,2802.95,2744.65,2746.28,1676873,4605165099.34
2026-04-17,GRINDWELL,2749.45,2827.41,2718.14,2790.36,945430,2638094629.1
2026-04-20,GRINDWELL,2791.56,2823.03,2774.4,2774.83,1752660,4863329054.5
2026-04-21,GRINDWELL,2765.17,2841.12,2744.95,2820.25,1841805,5194349214.0
2026-04-22,GRINDWELL,2835.62,2883.93,2817.38,2868.58,1596664,4580151846.82
2026-04-23,GRINDWELL,2896.43,2918.83,2800.65,2832.91,1109572,3143318841.66
2026-04-24,GRINDWELL,2845.83,2893.78,2835.93,2871.68,1336134,3836953861.49
2026-04-27,GRINDWELL,2861.08,2876.39,2782.01,2795.35,1883134,5264011851.67
2026-04-28,GRINDWELL,2800.27,2826.63,2709.75,2723.46,1241317,3380672812.4
2026-04-29,GRINDWELL,2735.71,2746.58,2645.74,2669.48,1649292,4402746207.99
2026-04-30,GRINDWELL,2680.43,2717.21,2647.68,2717.09,1457588,3960404196.99
2026-05-04,GRINDWELL,2734.9,2781.47,2732.05,2748.15,1287614,3538554081.66
2026-05-05,GRINDWELL,2753.51,2784.42,2745.22,2778.15,1543002,4286693379.56
2026-05-06,GRINDWELL,2780.37,2803.35,2768.99,2778.38,2388738,6636818481.12
2026-05-07,GRINDWELL,2789.8,2847.51,2764.87,2831.69,1371465,3883557183.6
2026-05-08,GRINDWELL,2831.31,2867.96,2779.08,2783.08,1455955,4052034951.82
2026-05-11,GRINDWELL,2774.77,2827.55,2745.92,2761.39,1730659,4779025736.71
2026-05-12,GRINDWELL,2764.24,2809.85,2744.77,2797.32,2381854,6662797553.51
2026-05-13,GRINDWELL,2796.55,2805.97,2787.33,2789.34,1060733,2958740716.69
2026-05-14,GRINDWELL,2782.43,2808.78,2621.02,2664.83,2320226,6183010639.45
2026-05-15,GRINDWELL,2669.37,2766.08,2664.08,2758.14,1146494,3162191182.72
2026-05-18,GRINDWELL,2760.1,2766.73,2659.01,2660.03,1171707,3116777250.78
2026-05-19,GRINDWELL,2661.28,2667.67,2576.51,2617.97,2338775,6122834915.55
2026-05-20,GRINDWELL,2615.87,2637.63,2583.11,2589.91,1279982,3315039283.98
2026-05-21,GRINDWELL,2592.16,2640.02,2547.05,2562.3,1563456,4006042422.15
2026-05-22,GRINDWELL,2554.64,2628.25,2513.31,2622.18,1514117,3970279854.45
2026-05-25,GRINDWELL,2618.32,2680.38,2609.09,2662.9,1813581,4829378545.51
2026-05-26,GRINDWELL,2671.36,2689.72,2631.9,2680.56,1717529,4603936066.08
2026-05-27,GRINDWELL,2657.29,2740.57,2647.34,2688.06,1648538,4431371424.2
2026-05-28,GRINDWELL,2685.34,2712.45,2670.1,2708.47,1947408,5274497509.58
2026-05-29,GRINDWELL,2709.22,2811.85,2703.43,2805.39,1147066,3217969787.74
2026-06-01,GRINDWELL,2803.03,2847.36,2759.62,2771.29,2330782,6459274288.48
2026-06-02,GRINDWELL,2794.5,2795.35,2770.98,2787.86,1769333,4932649441.91
2026-06-03,GRINDWELL,2811.36,2819.94,2701.94,2710.83,1759931,4770879523.72
2026-06-04,GRINDWELL,2714.55,2737.86,2692.25,2737.35,1890417,5174726308.27
2026-06-05,GRINDWELL,2705.13,2711.64,2656.26,2704.65,2091251,5656092305.97
2026-06-08,GRINDWELL,2704.89,2752.51,2696.91,2713.82,2111190,5729391794.47
2026-06-09,GRINDWELL,2713.56,2822.61,2688.03,2772.68,1099489,3048532268.82
2026-06-10,GRINDWELL,2763.3,2852.43,2757.63,2848.98,1465025,4173833766.18
2026-06-11,GRINDWELL,2836.88,2877.92,2828.4,2875.29,1851878,5324677044.28
2026-06-12,GRINDWELL,2876.88,2892.4,2798.91,2833.28,1917477,5432746260.51
2026-06-15,GRINDWELL,2836.63,2844.74,2832.95,2844.13,1101052,3131537711.11
2026-06-16,GRINDWELL,2841.18,2924.13,2835.67,2921.11,1680629,4909299815.04
2026-06-17,GRINDWELL,2917.15,2937.96,2853.87,2880.54,1332186,3837412435.14
2026-06-18,GRINDWELL,2908.95,2954.79,2877.66,2922.47,1340899,3918730860.75
2026-06-19,GRINDWELL,2932.62,2943.04,2878.83,2891.24,1986052,5742148783.64
2026-06-22,GRINDWELL,2890.07,2900.8,2875.32,2888.45,1423689,4112253231.36
2026-06-23,GRINDWELL,2893.51,2902.54,2847.35,2847.48,1518754,4324628120.52
2026-06-24,GRINDWELL,2836.1,2881.24,2788.58,2847.37,1007161,2867756113.26
2026-06-25,GRINDWELL,2837.43,2948.91,2817.88,2915.92,1486068,4333260522.31
2026-06-26,GRINDWELL,2887.48,3005.71,2878.25,3003.49,2342418,7035420270.53
2026-06-29,GRINDWELL,3007.76,3059.55,2994.0,3005.39,1761102,5292801548.05
2026-06-30,GRINDWELL,3010.26,3057.15,2969.73,3056.63,1622562,4959569028.85
2026-07-01,GRINDWELL,3088.91,3097.35,3021.48,3022.2,1197355,3618643751.64
2026-07-02,GRINDWELL,3021.49,3101.06,2978.2,3096.53,1449846,4489484954.67
2026-07-03,GRINDWELL,3116.65,3126.5,3011.69,3048.76,2174033,6628097070.6
2026-07-06,GRINDWELL,3035.05,3157.68,3022.35,3084.79,2378186,7336202329.46
2026-07-07,GRINDWELL,3068.09,3124.51,2995.38,3088.25,1781575,5501952322.58
2026-07-08,GRINDWELL,3093.62,3137.69,3010.98,3055.71,1948464,5953937066.93
2026-07-09,GRINDWELL,3044.66,3071.71,3000.47,3070.28,2082723,6394549810.41
2026-07-10,GRINDWELL,3075.81,3086.08,3033.89,3035.86,1171804,3557428859.11
2026-07-13,GRINDWELL,3047.81,3081.19,3025.04,3062.98,1365524,4182571850.29
2026-07-14,GRINDWELL,3074.26,3077.91,3035.71,3051.41,1124597,3431601106.09
2026-07-15,GRINDWELL,3069.23,3091.86,3059.63,3084.52,1105827,3410946853.36
2026-07-16,GRINDWELL,3075.74,3170.18,3074.0,3160.0,2027197,6405946834.56
2026-07-17,GRINDWELL,3166.44,3245.05,3158.51,3198.6,1459233,4667497826.25
2026-07-20,GRINDWELL,3179.87,3195.02,3091.63,3126.8,2270479,7099334501.78
2026-07-21,GRINDWELL,3117.72,3130.15,3059.05,3076.22,2315440,7122801066.01
2026-07-22,GRINDWELL,3072.98,3127.93,3046.41,3066.26,1649613,5058148217.59
2026-07-23,GRINDWELL,3072.01,3124.13,2995.32,3001.89,1579483,4741426487.92
2026-07-24,GRINDWELL,3030.69,3060.84,2951.0,2976.08,1547268,4604791872.89
2026-07-27,GRINDWELL,2990.83,3005.04,2947.21,2956.1,1486473,4394158983.27
2026-07-28,GRINDWELL,2971.29,3014.75,2873.55,2911.21,1114175,3243601855.88
2026-07-29,GRINDWELL,2897.93,2998.92,2891.62,2976.9,1181485,3517166342.76
2026-07-30,GRINDWELL,2984.37,3065.6,2943.39,3039.17,1192302,3623610986.29
2026-07-31,GRINDWELL,3060.49,3074.7,2992.06,3013.29,2164604,6522583328.6
2026-08-03,GRINDWELL,3004.45,3035.55,2950.51,2968.93,1055401,3133413252.29
2026-08-04,GRINDWELL,2995.04,3009.51,2864.6,2872.3,1873243,5380509137.77
2026-08-05,GRINDWELL,2858.81,2860.59,2811.3,2832.68,1519531,4304348363.94
2026-08-06,GRINDWELL,2836.24,2859.46,2826.62,2858.4,1842578,5266832467.65
2026-08-07,GRINDWELL,2848.09,2936.76,2831.12,2916.44,2354818,6867687178.06
2026-08-10,GRINDWELL,2913.46,2937.58,2820.57,2843.17,1335027,3795713256.34
2026-08-11,GRINDWELL,2840.19,2861.78,2833.62,2839.75,1636938,4648493281.36
2026-08-12,GRINDWELL,2845.06,2909.47,2832.47,2894.42,1287246,3725827411.78
2026-08-13,GRINDWELL,2920.93,2928.99,2845.11,2859.3,1261917,3608195940.95
2026-08-14,GRINDWELL,2843.85,2871.38,2821.39,2837.22,1211535,3437388004.87
2026-08-17,GRINDWELL,2833.37,2872.55,2824.31,2838.69,1019454,2893909638.36
2026-08-18,GRINDWELL,2833.8,2929.33,2824.11,2912.64,954344,2779660603.35
2026-08-19,GRINDWELL,2916.0,2966.41,2901.05,2910.86,1465801,4266742365.75
2026-08-20,GRINDWELL,2920.61,2959.11,2918.77,2938.45,2412543,7089128689.6
2026-08-21,GRINDWELL,2945.32,3064.68,2892.87,3037.01,2332786,7084699126.1
2026-08-24,GRINDWELL,3024.35,3033.98,2999.67,3011.08,1031855,3106997074.67
2026-08-25,GRINDWELL,3003.7,3064.98,2991.43,3000.7,1006400,3019902493.49
2026-08-26,GRINDWELL,2986.86,3091.69,2976.23,3055.37,1327529,4056095737.58
2026-08-27,GRINDWELL,3050.89,3072.88,2896.18,2910.43,1651518,4806621885.97
2026-08-28,GRINDWELL,2918.27,2964.05,2847.87,2856.12,1717930,4906608291.69
2026-08-31,GRINDWELL,2866.46,2925.54,2843.07,2894.06,2330883,6745725779.66
2026-09-01,GRINDWELL,2899.33,2915.21,2836.28,2843.36,2228675,6336931679.11
2026-09-02,GRINDWELL,2848.3,2851.77,2710.87,2723.21,2274617,6194270286.25
2026-09-03,GRINDWELL,2717.68,2727.9,2703.09,2724.34,1572789,4284808891.35
2026-09-04,GRINDWELL,2756.93,2772.88,2667.12,2671.16,1097333,2931146867.38
2026-09-07,GRINDWELL,2654.7,2667.67,2629.39,2646.69,2243366,5937494713.25
2026-09-08,GRINDWELL,2656.51,2768.55,2644.09,2741.24,1186278,3251869611.58
2026-09-09,GRINDWELL,2733.84,2746.74,2720.7,2737.26,1704252,4664978485.69
2026-09-10,GRINDWELL,2740.04,2749.64,2676.89,2688.07,1910080,5134429168.3
2026-09-11,GRINDWELL,2687.55,2723.03,2669.17,2715.95,1489499,4045411623.0
2026-09-14,GRINDWELL,2741.77,2812.82,2722.71,2777.53,1541519,4281612912.84
2026-09-16,GRINDWELL,2802.55,2822.23,2675.04,2692.16,1725396,4645042406.14
2026-09-17,GRINDWELL,2683.97,2692.03,2673.89,2685.34,1417763,3807170206.15
2026-09-18,GRINDWELL,2682.76,2698.96,2636.91,2686.24,2117368,5687749054.21
2026-09-21,GRINDWELL,2701.25,2725.68,2667.97,2672.79,1010435,2700680367.48
2026-09-22,GRINDWELL,2675.24,2681.33,2611.68,2647.78,1233580,3266244111.64
2026-09-23,GRINDWELL,2649.97,2679.1,2580.77,2586.59,1622643,4197104834.34
2026-09-24,GRINDWELL,2577.26,2622.4,2561.23,2610.04,1648399,4302381440.14
2026-09-25,GRINDWELL,2608.04,2682.03,2599.83,2666.76,967262,2579458002.5
2026-09-28,GRINDWELL,2671.31,2781.0,2657.85,2751.35,2012351,5536673740.32
2025-09-01,ACE,1387.42,1400.99,1360.48,1393.2,1636701,2280254298.34
2025-09-02,ACE,1397.47,1403.63,1382.78,1385.02,1469518,2035311590.06
2025-09-03,ACE,1377.96,1407.99,1370.58,1399.09,1829530,2559676035.4
2025-09-04,ACE,1399.55,1430.54,1397.53,1425.24,1345490,1917647827.19
2025-09-05,ACE,1418.17,1451.05,1416.15,1450.19,1842586,2672105012.09
2025-09-08,ACE,1448.29,1496.86,1439.1,1491.05,1383957,2063545764.44
2025-09-09,ACE,1497.9,1540.8,1490.69,1531.55,1919264,2939449611.6
2025-09-10,ACE,1529.08,1594.87,1514.05,1584.21,1431540,2267859802.74
2025-09-11,ACE,1592.24,1603.59,1575.99,1581.61,937335,1482499197.04
2025-09-12,ACE,1578.61,1599.46,1567.74,1592.38,928523,1478564434.34
2025-09-15,ACE,1594.95,1638.91,1574.71,1615.11,1305431,2108408144.68
2025-09-16,ACE,1619.23,1668.3,1605.29,1660.24,1555667,2582780440.3
2025-09-17,ACE,1669.24,1679.16,1667.21,1671.63,1589464,2657001233.49
2025-09-18,ACE,1654.79,1669.48,1651.32,1661.6,1768199,2938034681.64
2025-09-19,ACE,1653.66,1662.26,1581.07,1598.02,904070,1444721735.64
2025-09-22,ACE,1601.46,1605.9,1590.0,1601.24,1431448,2292090249.61
2025-09-23,ACE,1601.54,1615.21,1584.18,1587.18,820218,1301835075.14
2025-09-24,ACE,1575.7,1634.97,1566.93,1630.6,1275072,2079137743.58
2025-09-25,ACE,1620.5,1654.06,1618.82,1632.56,885112,1444996062.35
2025-09-26,ACE,1631.35,1668.6,1623.7,1657.66,1824418,3024267503.78
2025-09-29,ACE,1668.38,1675.82,1598.83,1611.09,1973243,3179064908.32
2025-09-30,ACE,1609.01,1700.97,1606.4,1663.51,1266055,2106095307.95
2025-10-01,ACE,1664.17,1671.42,1591.39,1596.0,1837689,2932958031.33
2025-10-03,ACE,1594.2,1623.28,1580.55,1606.72,1648834,2649213344.75
2025-10-06,ACE,1605.71,1624.02,1589.28,1599.69,1165238,1864014784.74
2025-10-07,ACE,1609.16,1649.6,1605.43,1643.13,1292979,2124527871.0
2025-10-08,ACE,1635.54,1657.87,1622.57,1629.62,785620,1280265914.75
2025-10-09,ACE,1623.96,1677.84,1612.5,1661.94,1751717,2911239999.0
2025-10-10,ACE,1670.72,1687.89,1670.19,1683.61,1458101,2454876368.93
2025-10-13,ACE,1675.77,1682.17,1662.39,1665.29,985928,1641854698.26
2025-10-14,ACE,1668.83,1689.02,1644.37,1659.75,1168832,1939974581.87
2025-10-15,ACE,1656.94,1676.17,1628.01,1642.76,1042395,1712406203.75
2025-10-16,ACE,1630.38,1676.87,1625.94,1656.9,1686401,2794202350.89
2025-10-17,ACE,1673.04,1676.62,1629.72,1640.92,1967495,3228501027.63
2025-10-20,ACE,1626.07,1668.89,1603.53,1663.65,1720654,2862567790.13
2025-10-23,ACE,1658.8,1660.17,1631.36,1639.58,1602680,2627717266.37
2025-10-24,ACE,1626.71,1683.65,1608.1,1671.15,1581796,2643419746.83
2025-10-27,ACE,1673.21,1681.09,1655.85,1680.36,1657508,2785206258.5
2025-10-28,ACE,1686.01,1711.92,1678.07,1702.85,1483429,2526059738.67
2025-10-29,ACE,1712.54,1716.78,1670.46,1678.04,1132263,1899982626.79
2025-10-30,ACE,1676.04,1687.31,1649.32,1671.78,1203272,2011603543.4
2025-10-31,ACE,1661.13,1704.18,1649.14,1702.32,914762,1557220975.84
2025-11-03,ACE,1698.18,1700.86,1680.03,1686.74,1330282,2243844490.57
2025-11-04,ACE,1679.93,1690.18,1660.74,1674.72,1263772,2116469271.84
2025-11-06,ACE,1672.78,1673.81,1651.96,1661.23,1722714,2861820133.46
2025-11-07,ACE,1678.94,1682.25,1658.84,1668.3,957684,1597699912.19
2025-11-10,ACE,1658.32,1733.29,1644.4,1723.81,1582037,2727132299.54
2025-11-11,ACE,1715.67,1716.38,1700.38,1712.34,1806013,3092503542.35
2025-11-12,ACE,1712.93,1742.01,1684.08,1695.16,1327439,2250224872.61
2025-11-13,ACE,1703.54,1717.0,1694.81,1710.89,1539221,2633432061.35
2025-11-14,ACE,1707.22,1710.27,1684.38,1698.37,1561526,2652041403.04
2025-11-17,ACE,1698.64,1779.74,1696.2,1753.99,1209297,2121092163.57
2025-11-18,ACE,1763.98,1770.71,1743.55,1752.19,1607332,2816348938.85
2025-11-19,ACE,1758.82,1770.9,1716.34,1731.33,1493113,2585071030.63
2025-11-20,ACE,1737.32,1798.59,1737.1,1766.36,1292348,2282748020.66
2025-11-21,ACE,1765.38,1792.36,1756.17,1782.24,1234464,2200109907.4
2025-11-24,ACE,1789.94,1875.11,1787.93,1854.82,1698247,3149949432.62
2025-11-25,ACE,1854.98,1907.55,1844.33,1895.47,1926614,3651833580.74
2025-11-26,ACE,1886.79,1890.73,1860.33,1865.9,1890501,3527477390.12
2025-11-27,ACE,1860.41,1873.36,1843.02,1873.17,958140,1794756278.35
2025-11-28,ACE,1885.6,1890.3,1816.07,1826.2,974103,1778904770.83
2025-12-01,ACE,1829.87,1843.77,1815.51,1822.27,1553275,2830486855.53
2025-12-02,ACE,1835.0,1879.29,1820.93,1853.37,1554570,2881195428.66
2025-12-03,ACE,1858.51,1878.49,1846.97,1856.23,1404208,2606536797.07
2025-12-04,ACE,1861.02,1875.96,1831.27,1832.88,1499480,2748367530.97
2025-12-05,ACE,1821.3,1826.05,1765.75,1785.19,1962536,3503501556.11
2025-12-08,ACE,1786.29,1792.62,1753.08,1766.94,1517322,2681018164.84
2025-12-09,ACE,1766.84,1792.98,1760.0,1784.9,1627184,2904358346.66
2025-12-10,ACE,1789.42,1792.03,1777.69,1788.83,1600238,2862556360.09
2025-12-11,ACE,1776.84,1800.75,1755.24,1773.92,1223286,2170006017.94
2025-12-12,ACE,1781.53,1814.15,1750.09,1800.09,1710802,3079589680.45
2025-12-15,ACE,1797.86,1808.25,1758.09,1764.31,1167722,2060223123.84
2025-12-16,ACE,1762.08,1778.97,1720.62,1723.03,1445924,2491368579.82
2025-12-17,ACE,1724.6,1727.53,1705.85,1709.27,1042347,1781654189.3
2025-12-18,ACE,1726.97,1742.01,1698.27,1698.3,1744369,2962458131.46
2025-12-19,ACE,1700.98,1716.94,1663.24,1669.59,1457232,2432984437.36
2025-12-22,ACE,1662.59,1664.19,1640.99,1662.73,1789880,2976083348.33
2025-12-23,ACE,1647.79,1649.92,1596.71,1607.81,1454614,2338738990.7
2025-12-24,ACE,1596.01,1652.8,1578.34,1628.31,1968097,3204677029.43
2025-12-26,ACE,1632.44,1667.3,1605.02,1639.32,993400,1628503674.23
2025-12-29,ACE,1633.34,1684.57,1631.74,1671.0,948661,1585216168.46
2025-12-30,ACE,1672.05,1752.64,1671.47,1738.75,1966727,3419655222.48
2025-12-31,ACE,1731.87,1771.85,1721.32,1752.29,1260207,2208247551.25
2026-01-01,ACE,1757.67,1820.91,1726.28,1794.65,876476,1572966728.07
2026-01-02,ACE,1774.41,1847.06,1773.16,1833.47,1866290,3421785542.93
2026-01-05,ACE,1843.87,1854.81,1798.02,1820.43,1051094,1913438382.01
2026-01-06,ACE,1818.55,1825.36,1774.44,1803.4,1925501,3472455581.14
2026-01-07,ACE,1800.78,1834.93,1792.37,1825.22,1397526,2550795778.28
2026-01-08,ACE,1826.26,1829.73,1795.1,1816.8,1170132,2125893914.87
2026-01-09,ACE,1833.56,1848.65,1807.99,1821.42,1713137,3120341243.37
2026-01-12,ACE,1826.46,1849.25,1806.86,1822.82,1590076,2898419536.1
2026-01-13,ACE,1809.98,1857.05,1716.1,1745.59,1207391,2107610883.6
2026-01-14,ACE,1752.96,1812.51,1748.55,1800.45,1221817,2199817130.67
2026-01-15,ACE,1807.67,1830.19,1776.18,1828.71,951153,1739387044.51
2026-01-16,ACE,1825.07,1836.08,1794.99,1802.19,1619027,2917788549.85
2026-01-19,ACE,1819.22,1825.13,1779.2,1790.64,1156933,2071655845.86
2026-01-20,ACE,1793.72,1801.16,1761.48,1770.75,995105,1762080653.52
2026-01-21,ACE,1781.55,1812.85,1773.06,1802.08,960369,1730657442.66
2026-01-22,ACE,1790.44,1799.98,1770.47,1782.19,1889177,3366869041.54
2026-01-23,ACE,1790.8,1798.82,1721.47,1749.26,893627,1563190299.9
2026-01-27,ACE,1759.13,1774.16,1701.35,1707.15,976724,1667414632.15
2026-01-28,ACE,1713.66,1734.48,1687.59,1710.19,1706250,2918004501.97
2026-01-29,ACE,1731.45,1734.5,1697.49,1707.59,1035836,1768782177.1
2026-01-30,ACE,1719.42,1766.53,1680.65,1757.81,1930427,3393329414.2
2026-02-02,ACE,1760.63,1766.47,1739.11,1742.27,1137299,1981482919.65
2026-02-03,ACE,1750.9,1777.46,1725.67,1771.14,1528671,2707495677.4
2026-02-04,ACE,1770.48,1817.8,1766.9,1813.93,1741572,3159095864.94
2026-02-05,ACE,1811.76,1812.31,1719.76,1737.57,1067759,1855310447.25
2026-02-06,ACE,1737.78,1752.74,1685.73,1702.85,1085041,1847663076.68
2026-02-09,ACE,1713.57,1727.49,1704.9,1720.84,1494026,2570982212.42
2026-02-10,ACE,1726.05,1740.59,1716.96,1718.05,1423063,2444895845.44
2026-02-11,ACE,1716.79,1755.82,1696.12,1755.39,1938239,3402363130.73
2026-02-12,ACE,1758.38,1768.65,1751.55,1761.22,1642668,2893097460.94
2026-02-13,ACE,1763.19,1772.98,1732.05,1738.1,1335518,2321266120.08
2026-02-16,ACE,1720.2,1776.69,1704.44,1762.25,1393322,2455378937.93
2026-02-17,ACE,1755.06,1760.7,1677.96,1689.56,1083477,1830599710.45
2026-02-18,ACE,1700.68,1706.79,1655.76,1667.84,1618823,2699943947.29
2026-02-19,ACE,1663.76,1679.55,1656.8,1665.48,1939501,3230192641.12
2026-02-20,ACE,1664.18,1709.68,1640.13,1705.57,789629,1346770484.58
2026-02-23,ACE,1704.32,1714.86,1683.63,1714.6,1794925,3077579781.61
2026-02-24,ACE,1723.15,1725.85,1712.29,1725.85,1845129,3184413605.64
2026-02-25,ACE,1722.76,1725.51,1663.28,1673.23,1378667,2306820973.72
2026-02-26,ACE,1662.73,1725.15,1656.9,1710.52,1685831,2883644892.89
2026-02-27,ACE,1705.16,1724.19,1699.58,1714.18,1703342,2919842506.34
2026-03-02,ACE,1708.24,1716.64,1673.03,1694.63,1567682,2656648378.48
2026-03-04,ACE,1688.15,1691.43,1634.96,1639.21,1526827,2502786901.73
2026-03-05,ACE,1630.83,1682.04,1616.2,1677.89,1718635,2883673864.01
2026-03-06,ACE,1690.95,1707.69,1679.57,1692.78,1019889,1726444108.23
2026-03-09,ACE,1697.77,1715.23,1679.89,1713.72,1002573,1718126436.38
2026-03-10,ACE,1709.98,1727.61,1698.95,1723.27,944124,1626980919.28
2026-03-11,ACE,1711.29,1796.46,1699.57,1786.03,1940387,3465582319.11
2026-03-12,ACE,1777.47,1803.54,1772.78,1793.91,1827074,3277608821.87
2026-03-13,ACE,1797.7,1801.56,1778.18,1795.69,1280580,2299526395.18
2026-03-16,ACE,1790.57,1827.27,1788.94,1820.91,1074857,1957214502.9
2026-03-17,ACE,1813.78,1824.99,1808.46,1821.91,922131,1680041380.24
2026-03-18,ACE,1819.85,1833.27,1810.87,1812.76,1589038,2880537345.25
2026-03-19,ACE,1820.55,1875.16,1816.24,1863.1,1417366,2640691352.06
2026-03-20,ACE,1859.75,1898.69,1858.38,1885.18,818335,1542710980.4
2026-03-23,ACE,1883.96,1935.8,1871.17,1905.95,1821640,3471949761.22
2026-03-24,ACE,1918.07,1930.36,1900.95,1928.04,1235299,2381710849.29
2026-03-25,ACE,1932.39,1957.92,1902.85,1910.81,1470548,2809943246.68
2026-03-27,ACE,1916.43,1927.5,1876.7,1886.54,882605,1665067387.98
2026-03-30,ACE,1886.06,1905.9,1859.61,1874.8,878737,1647455104.88
2026-03-31,ACE,1872.51,1894.45,1842.52,1859.37,1781844,3313107129.05
2026-04-01,ACE,1871.61,1872.84,1829.73,1830.37,882357,1615038779.83
2026-04-02,ACE,1813.03,1865.75,1810.86,1820.03,1133387,2062792975.42
2026-04-06,ACE,1832.43,1874.47,1829.61,1860.23,1346690,2505152613.65
2026-04-07,ACE,1839.52,1857.63,1827.44,1857.07,786659,1460881078.23
2026-04-08,ACE,1854.8,1902.54,1832.25,1901.44,1071869,2038092510.78
2026-04-09,ACE,1888.75,1987.69,1859.41,1986.33,1198539,2380697515.04
2026-04-10,ACE,1999.93,2000.16,1984.49,1987.13,852001,1693036421.77
2026-04-13,ACE,1988.25,2000.15,1958.5,1978.71,1664230,3293020887.71
2026-04-15,ACE,1978.65,1999.83,1935.27,1963.0,1884802,3699863131.35
2026-04-16,ACE,1962.96,2041.95,1951.11,2030.57,1641818,3333832487.22
2026-04-17,ACE,2024.91,2104.96,2011.21,2101.83,1909372,4013168759.88
2026-04-20,ACE,2101.43,2116.04,2098.06,2114.38,1472547,3113518303.47
2026-04-21,ACE,2114.38,2153.37,2099.73,2134.72,1860410,3971461846.52
2026-04-22,ACE,2131.62,2204.61,2125.92,2186.15,1539816,3366273890.52
2026-04-23,ACE,2176.04,2209.52,2153.75,2203.08,975738,2149633054.31
2026-04-24,ACE,2234.19,2263.76,2147.9,2148.07,1598521,3433736237.18
2026-04-27,ACE,2162.81,2168.34,2098.6,2112.91,1632243,3448775699.89
2026-04-28,ACE,2115.45,2127.83,2100.05,2122.67,1569706,3331968411.42
2026-04-29,ACE,2126.76,2162.93,2108.15,2159.25,887350,1916013897.78
2026-04-30,ACE,2158.9,2160.01,2139.08,2155.41,1797672,3874714593.06
2026-05-04,ACE,2139.91,2147.84,2109.79,2130.87,1017297,2167724166.87
2026-05-05,ACE,2147.43,2163.32,2100.45,2119.91,933482,1978899591.83
2026-05-06,ACE,2113.69,2151.26,2089.22,2137.62,863398,1845614905.26
2026-05-07,ACE,2135.37,2147.05,2098.98,2101.24,1188060,2496397735.05
2026-05-08,ACE,2107.84,2123.95,2058.27,2063.31,772264,1593417803.92
2026-05-11,ACE,2070.94,2074.5,2059.34,2068.46,1166239,2412313389.65
2026-05-12,ACE,2060.51,2142.46,2058.56,2129.43,800521,1704649902.95
2026-05-13,ACE,2142.44,2143.18,2070.59,2092.95,1380675,2889685213.35
2026-05-14,ACE,2088.91,2116.29,2055.18,2082.67,1153867,2403125663.84
2026-05-15,ACE,2082.6,2099.99,2079.24,2091.6,912140,1907834712.04
2026-05-18,ACE,2098.99,2111.91,2097.8,2101.59,997492,2096321173.25
2026-05-19,ACE,2099.23,2102.61,2046.51,2066.96,1181220,2441538499.28
2026-05-20,ACE,2055.26,2064.22,1973.46,1976.31,900221,1779117077.84
2026-05-21,ACE,1976.69,2043.51,1968.96,2034.32,1887236,3839234971.21
2026-05-22,ACE,2037.14,2039.64,2003.06,2006.39,1678012,3366745039.69
2026-05-25,ACE,2001.57,2027.1,1986.34,1994.69,1569717,3131101793.97
2026-05-26,ACE,1997.11,2006.66,1961.33,1964.79,964627,1895286444.84
2026-05-27,ACE,1975.02,2003.4,1901.14,1906.34,1198105,2283994168.06
2026-05-28,ACE,1928.8,1940.53,1874.05,1908.32,1229525,2346328463.78
2026-05-29,ACE,1887.74,1903.1,1879.13,1890.78,1443020,2728432346.12
2026-06-01,ACE,1892.86,1903.45,1882.35,1884.7,1308359,2465865299.01
2026-06-02,ACE,1872.58,1931.91,1851.3,1909.41,1138671,2174187881.26
2026-06-03,ACE,1916.74,1931.64,1843.63,1860.77,1445920,2690530278.75
2026-06-04,ACE,1858.39,1867.46,1850.24,1855.13,978972,1816119428.54
2026-06-05,ACE,1862.68,1871.55,1853.18,1858.08,1095171,2034912713.97
2026-06-08,ACE,1852.25,1857.44,1821.23,1828.36,1546709,2827942785.02
2026-06-09,ACE,1811.98,1904.33,1807.84,1900.87,1718191,3266050317.86
2026-06-10,ACE,1898.58,1907.25,1894.53,1900.38,1055703,2006238034.35
2026-06-11,ACE,1898.63,1904.62,1822.49,1856.4,834257,1548711596.58
2026-06-12,ACE,1872.92,1880.97,1858.28,1869.87,1862408,3482458275.53
2026-06-15,ACE,1875.13,1912.42,1870.46,1892.64,1588698,3006829841.88
2026-06-16,ACE,1895.58,1903.6,1821.06,1835.45,1425209,2615902774.33
2026-06-17,ACE,1831.92,1866.7,1823.78,1865.41,1691708,3155730793.35
2026-06-18,ACE,1864.46,1906.18,1853.5,1886.72,1383402,2610096535.73
2026-06-19,ACE,1872.84,1939.1,1865.49,1932.57,1969622,3806439428.91
2026-06-22,ACE,1927.63,1983.69,1873.02,1904.91,981363,1869404432.08
2026-06-23,ACE,1917.73,1926.18,1863.62,1879.08,1451551,2727573489.43
2026-06-24,ACE,1895.71,1912.91,1874.58,1875.79,1876161,3519283297.15
2026-06-25,ACE,1880.34,1884.72,1874.9,1884.31,1530853,2884594399.89
2026-06-26,ACE,1889.08,1896.15,1869.44,1890.08,1156421,2185732541.11
2026-06-29,ACE,1888.94,1903.28,1846.38,1851.99,815652,1510583112.48
2026-06-30,ACE,1849.6,1867.31,1833.84,1844.1,1367900,2522547611.81
2026-07-01,ACE,1831.22,1843.01,1826.12,1827.52,1447131,2644657209.77
2026-07-02,ACE,1822.63,1832.2,1821.42,1825.42,1494539,2728155141.22
2026-07-03,ACE,1833.51,1882.19,1814.87,1872.67,1056659,1978778724.82
2026-07-06,ACE,1878.35,1894.29,1871.55,1886.86,1920571,3623845200.78
2026-07-07,ACE,1875.54,1915.07,1862.9,1888.1,1785093,3370438132.46
2026-07-08,ACE,1896.97,1922.07,1871.64,1916.48,1148340,2200774505.61
2026-07-09,ACE,1919.86,1982.63,1916.16,1959.33,1178048,2308190318.87
2026-07-10,ACE,1958.58,1980.33,1958.15,1971.77,1248266,2461292502.84
2026-07-13,ACE,1972.61,1980.27,1941.37,1945.29,1809437,3519873965.61
2026-07-14,ACE,1947.17,2012.53,1944.67,1976.84,1466853,2899732698.95
2026-07-15,ACE,1976.29,2040.02,1967.61,2021.5,1720936,3478878931.36
2026-07-16,ACE,2010.36,2048.62,1989.06,2042.61,1589175,3246067990.08
2026-07-17,ACE,2038.75,2096.28,2027.36,2088.24,1854615,3872885298.19
2026-07-20,ACE,2085.52,2100.87,2049.44,2067.1,1180621,2440465470.11
2026-07-21,ACE,2065.88,2087.09,2065.24,2085.52,1667963,3478577468.83
2026-07-22,ACE,2075.88,2138.04,2045.42,2132.8,1710061,3647216124.41
2026-07-23,ACE,2139.51,2149.63,2045.2,2070.94,785142,1625982607.58
2026-07-24,ACE,2080.43,2087.23,2027.7,2076.48,1272646,2642623118.19
2026-07-27,ACE,2075.22,2119.95,2070.33,2113.49,1507978,3187090578.36
2026-07-28,ACE,2121.06,2162.32,2096.18,2140.82,1645593,3522923680.3
2026-07-29,ACE,2140.82,2267.45,2128.36,2250.38,1098175,2471308959.78
2026-07-30,ACE,2241.74,2280.19,2232.02,2233.85,1457241,3255260913.87
2026-07-31,ACE,2226.35,2246.58,2187.09,2236.23,1280845,2864262705.96
2026-08-03,ACE,2233.11,2269.19,2215.64,2259.03,1888201,4265493624.87
2026-08-04,ACE,2260.24,2303.87,2240.87,2303.54,1322567,3046585264.94
2026-08-05,ACE,2301.28,2331.31,2280.59,2304.44,1904755,4389400042.32
2026-08-06,ACE,2297.44,2329.48,2255.84,2295.79,1706960,3918825437.69
2026-08-07,ACE,2295.19,2306.87,2273.18,2279.51,1391369,3171642195.22
2026-08-10,ACE,2282.74,2295.59,2219.79,2233.05,1290775,2882371048.2
2026-08-11,ACE,2241.8,2252.8,2222.0,2236.44,1234254,2760339190.5
2026-08-12,ACE,2259.32,2281.23,2162.74,2198.16,1062272,2335047817.13
2026-08-13,ACE,2195.75,2216.0,2173.56,2185.65,1636180,3576117337.56
2026-08-14,ACE,2189.26,2239.52,2183.22,2228.67,1252669,2791783709.86
2026-08-17,ACE,2210.33,2217.25,2152.0,2167.41,1155974,2505468847.94
2026-08-18,ACE,2176.77,2182.6,2139.5,2154.38,1975240,4255419323.2
2026-08-19,ACE,2144.32,2171.99,2125.1,2126.28,1897524,4034663208.66
2026-08-20,ACE,2108.66,2115.89,2090.19,2094.93,1876001,3930089398.98
2026-08-21,ACE,2085.09,2169.06,2064.81,2164.97,1533611,3320218176.7
2026-08-24,ACE,2151.35,2158.04,2076.37,2105.79,1095475,2306839940.06
2026-08-25,ACE,2117.89,2162.85,2098.76,2151.35,1852519,3985408362.75
2026-08-26,ACE,2169.78,2192.96,2108.91,2122.1,1666351,3536157304.45
2026-08-27,ACE,2130.53,2132.16,2051.74,2064.64,1725930,3563426915.83
2026-08-28,ACE,2052.77,2100.9,2010.71,2042.96,1678438,3428980317.07
2026-08-31,ACE,2035.65,2037.71,1998.57,2010.69,896380,1802340240.94
2026-09-01,ACE,1998.23,2044.1,1995.06,2028.57,1683202,3414498120.44
2026-09-02,ACE,2028.77,2031.17,2010.15,2026.65,1896587,3843712434.89
2026-09-03,ACE,2026.19,2100.75,2023.54,2099.19,1178589,2474078199.63
2026-09-04,ACE,2095.78,2101.06,2063.5,2069.36,1166747,2414422466.0
2026-09-07,ACE,2077.91,2084.71,2057.05,2060.68,1484743,3059573026.91
2026-09-08,ACE,2060.51,2080.52,2040.92,2077.94,1707363,3547795297.94
2026-09-09,ACE,2064.01,2093.37,2054.1,2089.78,1042951,2179540104.44
2026-09-10,ACE,2108.74,2110.44,2060.72,2088.36,874359,1825979692.05
2026-09-11,ACE,2093.8,2120.38,2079.1,2117.73,1681287,3560512409.9
2026-09-14,ACE,2122.71,2127.68,2061.59,2094.92,1976809,4141265563.82
2026-09-16,ACE,2089.64,2176.05,2078.84,2159.01,840518,1814687435.88
2026-09-17,ACE,2163.57,2236.61,2149.12,2232.16,1603663,3579639561.7
2026-09-18,ACE,2233.59,2257.85,2198.0,2210.61,978713,2163556098.36
2026-09-21,ACE,2219.19,2229.63,2140.71,2150.77,1707692,3672861214.41
2026-09-22,ACE,2153.03,2161.74,2073.89,2082.19,1120242,2332560826.95
2026-09-23,ACE,2071.78,2122.76,2049.85,2104.52,1272461,2677921232.22
2026-09-24,ACE,2106.78,2128.43,2002.43,2008.39,930079,1867964068.74
2026-09-25,ACE,2003.52,2010.38,1955.0,1959.36,1411756,2766143751.04
2026-09-28,ACE,1957.69,2034.87,1939.11,2030.02,946550,1921511445.05
2025-09-01,CARBORUNIV,1418.72,1473.5,1400.52,1470.94,851966,1253188952.43
2025-09-02,CARBORUNIV,1469.79,1502.36,1456.96,1501.32,1037868,1558172717.26
2025-09-03,CARBORUNIV,1488.97,1545.3,1461.87,1540.19,490946,756147770.06
2025-09-04,CARBORUNIV,1538.19,1553.92,1528.09,1549.11,838775,1299355806.86
2025-09-05,CARBORUNIV,1552.43,1574.23,1506.27,1514.06,756892,1145978567.52
2025-09-08,CARBORUNIV,1519.26,1527.71,1499.97,1502.27,472325,709559884.62
2025-09-09,CARBORUNIV,1503.89,1517.92,1415.76,1419.31,655893,930913402.22
2025-09-10,CARBORUNIV,1415.62,1427.91,1408.19,1417.81,827328,1172991917.81
2025-09-11,CARBORUNIV,1423.8,1442.41,1380.83,1390.72,711335,989270399.74
2025-09-12,CARBORUNIV,1380.03,1420.55,1376.02,1419.92,663045,941472204.49
2025-09-15,CARBORUNIV,1419.44,1441.4,1393.84,1400.57,488713,684474859.87
2025-09-16,CARBORUNIV,1400.5,1410.41,1395.85,1398.32,426072,595783531.89
2025-09-17,CARBORUNIV,1388.25,1404.89,1368.25,1404.31,691999,971779549.02
2025-09-18,CARBORUNIV,1396.87,1436.85,1383.95,1428.67,731917,1045664893.41
2025-09-19,CARBORUNIV,1405.1,1446.15,1391.65,1422.99,732668,1042579224.38
2025-09-22,CARBORUNIV,1425.02,1483.44,1408.32,1473.43,677107,997670333.78
2025-09-23,CARBORUNIV,1457.07,1503.31,1455.71,1491.64,859505,1282076214.88
2025-09-24,CARBORUNIV,1495.92,1501.86,1492.68,1500.92,1031822,1548682214.61
2025-09-25,CARBORUNIV,1501.27,1526.35,1496.54,1509.73,746760,1127404919.33
2025-09-26,CARBORUNIV,1517.9,1521.63,1467.49,1474.39,621117,915766335.04
2025-09-29,CARBORUNIV,1462.43,1465.15,1436.12,1440.22,646021,930413630.04
2025-09-30,CARBORUNIV,1453.54,1458.24,1418.12,1446.03,619764,896196157.86
2025-10-01,CARBORUNIV,1447.71,1464.43,1418.22,1427.11,421778,601922604.5
2025-10-03,CARBORUNIV,1437.38,1492.09,1435.92,1483.29,986543,1463330500.13
2025-10-06,CARBORUNIV,1485.24,1496.52,1416.14,1460.27,449360,656185626.34
2025-10-07,CARBORUNIV,1463.39,1503.13,1455.8,1493.88,966518,1443864599.95
2025-10-08,CARBORUNIV,1492.72,1507.23,1483.34,1506.92,795505,1198764843.95
2025-10-09,CARBORUNIV,1501.31,1531.25,1500.95,1529.87,802757,1228115335.99
2025-10-10,CARBORUNIV,1529.57,1533.98,1470.55,1492.27,614525,917038912.5
2025-10-13,CARBORUNIV,1488.34,1554.75,1487.88,1524.14,1015616,1547944214.71
2025-10-14,CARBORUNIV,1531.73,1546.19,1429.95,1439.76,619872,892466775.04
2025-10-15,CARBORUNIV,1443.21,1452.36,1434.22,1446.04,761108,1100596364.75
2025-10-16,CARBORUNIV,1437.06,1460.94,1432.91,1448.24,983453,1424274958.16
2025-10-17,CARBORUNIV,1449.6,1455.93,1445.13,1450.08,862485,1250675899.01
2025-10-20,CARBORUNIV,1438.65,1458.84,1425.77,1428.41,923788,1319551543.68
2025-10-23,CARBORUNIV,1429.25,1443.69,1418.95,1435.12,643281,923184189.82
2025-10-24,CARBORUNIV,1439.48,1506.76,1429.42,1489.04,463535,690223218.75
2025-10-27,CARBORUNIV,1474.54,1483.25,1460.02,1466.36,500003,733182787.49
2025-10-28,CARBORUNIV,1449.54,1473.69,1439.16,1464.56,521887,764333958.17
2025-10-29,CARBORUNIV,1481.99,1497.06,1479.11,1483.7,510429,757323486.12
2025-10-30,CARBORUNIV,1490.54,1498.92,1459.27,1461.8,614507,898288030.0
2025-10-31,CARBORUNIV,1460.29,1461.9,1445.68,1455.41,617339,898478366.69
2025-11-03,CARBORUNIV,1458.29,1477.04,1440.97,1475.15,476473,702870570.86
2025-11-04,CARBORUNIV,1485.41,1498.95,1444.58,1452.18,972425,1412136013.75
2025-11-06,CARBORUNIV,1457.29,1469.07,1424.66,1445.98,883419,1277406831.88
2025-11-07,CARBORUNIV,1441.23,1461.32,1431.73,1450.79,564397,818820960.38
2025-11-10,CARBORUNIV,1455.52,1483.04,1444.2,1473.26,934151,1376243908.57
2025-11-11,CARBORUNIV,1469.97,1471.81,1436.77,1446.6,1041204,1506204736.87
2025-11-12,CARBORUNIV,1455.77,1476.39,1437.81,1441.2,515570,743038126.69
2025-11-13,CARBORUNIV,1431.14,1438.3,1368.24,1368.57,799872,1094684031.36
2025-11-14,CARBORUNIV,1370.47,1372.93,1335.01,1345.65,734240,988029248.65
2025-11-17,CARBORUNIV,1346.33,1352.96,1309.9,1312.95,515983,677458251.91
2025-11-18,CARBORUNIV,1310.5,1327.29,1295.55,1319.07,859116,1133237197.88
2025-11-19,CARBORUNIV,1315.39,1355.19,1313.85,1343.63,902671,1212851496.81
2025-11-20,CARBORUNIV,1342.32,1352.68,1335.68,1337.21,711933,952007255.67
2025-11-21,CARBORUNIV,1343.19,1351.11,1324.48,1327.66,685025,909479047.98
2025-11-24,CARBORUNIV,1332.52,1333.59,1306.46,1312.83,900111,1181689164.57
2025-11-25,CARBORUNIV,1307.0,1314.43,1304.87,1313.5,696313,914608086.99
2025-11-26,CARBORUNIV,1308.43,1332.88,1297.22,1327.36,838171,1112551011.01
2025-11-27,CARBORUNIV,1326.5,1380.01,1318.46,1369.33,677711,928009106.85
2025-11-28,CARBORUNIV,1360.5,1363.44,1337.76,1342.56,1037389,1392753772.12
2025-12-01,CARBORUNIV,1346.26,1359.24,1296.84,1308.91,620969,812794269.4
2025-12-02,CARBORUNIV,1322.09,1333.17,1314.8,1318.41,424683,559906507.54
2025-12-03,CARBORUNIV,1316.98,1320.29,1309.82,1312.25,877477,1151472776.0
2025-12-04,CARBORUNIV,1311.06,1314.48,1283.92,1297.23,562454,729634449.4
2025-12-05,CARBORUNIV,1292.31,1324.02,1281.79,1313.27,450407,591503948.68
2025-12-08,CARBORUNIV,1318.66,1319.44,1289.56,1304.22,997432,1300870626.03
2025-12-09,CARBORUNIV,1315.61,1321.19,1259.0,1263.07,999144,1261992379.14
2025-12-10,CARBORUNIV,1275.06,1291.04,1243.58,1248.25,908952,1134596045.34
2025-12-11,CARBORUNIV,1253.16,1262.53,1232.39,1246.16,678518,845544093.04
2025-12-12,CARBORUNIV,1257.4,1258.46,1201.32,1212.94,855995,1038270441.19
2025-12-15,CARBORUNIV,1221.62,1224.56,1201.78,1213.21,917505,1113128980.01
2025-12-16,CARBORUNIV,1208.7,1267.1,1208.26,1250.87,923862,1155626813.21
2025-12-17,CARBORUNIV,1245.53,1259.72,1200.9,1253.02,866302,1085490172.6
2025-12-18,CARBORUNIV,1258.83,1291.45,1246.65,1273.51,782491,996512810.82
2025-12-19,CARBORUNIV,1264.1,1328.24,1253.94,1316.55,814363,1072152195.12
2025-12-22,CARBORUNIV,1323.34,1336.82,1322.59,1328.92,946173,1257386520.29
2025-12-23,CARBORUNIV,1328.88,1397.06,1313.05,1375.54,623860,858145808.37
2025-12-24,CARBORUNIV,1375.04,1390.18,1345.68,1356.56,1025157,1390682773.01
2025-12-26,CARBORUNIV,1360.11,1373.3,1354.71,1359.18,858826,1167299042.48
2025-12-29,CARBORUNIV,1356.74,1370.12,1344.01,1355.87,442553,600044425.59
2025-12-30,CARBORUNIV,1361.97,1369.82,1338.43,1344.4,909770,1223098265.89
2025-12-31,CARBORUNIV,1340.4,1370.43,1326.39,1370.12,854137,1170271818.94
2026-01-01,CARBORUNIV,1381.57,1410.14,1381.39,1398.64,460641,644272708.84
2026-01-02,CARBORUNIV,1403.89,1405.92,1350.81,1365.66,806129,1100895196.3
2026-01-05,CARBORUNIV,1358.53,1364.61,1344.87,1346.41,845562,1138471446.1
2026-01-06,CARBORUNIV,1354.75,1358.49,1315.03,1333.34,930944,1241264798.54
2026-01-07,CARBORUNIV,1332.34,1373.46,1329.11,1362.91,971917,1324634364.77
2026-01-08,CARBORUNIV,1364.67,1379.44,1359.46,1379.41,561523,774570828.44
2026-01-09,CARBORUNIV,1374.94,1376.4,1359.93,1365.95,824483,1126201651.44
2026-01-12,CARBORUNIV,1376.03,1377.7,1324.08,1338.91,478423,640565907.3
2026-01-13,CARBORUNIV,1334.84,1348.93,1334.39,1336.36,970011,1296282795.1
2026-01-14,CARBORUNIV,1331.63,1370.17,1313.8,1359.73,534323,726534429.74
2026-01-15,CARBORUNIV,1351.43,1356.07,1331.53,1343.01,897079,1204787755.39
2026-01-16,CARBORUNIV,1340.96,1382.5,1330.42,1378.85,937498,1292672778.8
2026-01-19,CARBORUNIV,1391.67,1394.56,1356.61,1356.81,886386,1202658675.64
2026-01-20,CARBORUNIV,1353.34,1390.04,1343.15,1381.61,419633,579767466.37
2026-01-21,CARBORUNIV,1387.37,1397.49,1362.76,1370.09,1015174,1390879262.96
2026-01-22,CARBORUNIV,1379.3,1385.51,1361.47,1383.72,561003,776271358.38
2026-01-23,CARBORUNIV,1392.15,1396.53,1361.52,1373.69,941919,1293902797.45
2026-01-27,CARBORUNIV,1360.52,1367.7,1355.83,1357.76,1021926,1387527240.63
2026-01-28,CARBORUNIV,1376.42,1377.15,1365.31,1365.98,747223,1020692053.97
2026-01-29,CARBORUNIV,1359.68,1378.49,1336.51,1372.75,621991,853840272.15
2026-01-30,CARBORUNIV,1370.31,1411.48,1360.67,1403.69,580888,815384691.88
2026-02-02,CARBORUNIV,1400.52,1431.57,1392.2,1428.64,556704,795329214.38
2026-02-03,CARBORUNIV,1426.07,1445.09,1420.7,1441.73,681602,982683835.32
2026-02-04,CARBORUNIV,1446.06,1456.44,1430.33,1455.51,998285,1453013716.86
2026-02-05,CARBORUNIV,1452.14,1456.13,1411.93,1432.77,961548,1377679190.78
2026-02-06,CARBORUNIV,1423.45,1460.33,1418.21,1459.05,872991,1273740515.71
2026-02-09,CARBORUNIV,1454.88,1469.5,1426.0,1427.62,619069,883795583.29
2026-02-10,CARBORUNIV,1420.8,1422.48,1401.56,1406.85,412730,580647558.56
2026-02-11,CARBORUNIV,1413.84,1425.99,1385.84,1425.79,656908,936610377.97
2026-02-12,CARBORUNIV,1428.57,1436.04,1416.28,1420.49,899979,1278413952.07
2026-02-13,CARBORUNIV,1430.91,1471.84,1417.41,1464.43,904068,1323939990.61
2026-02-16,CARBORUNIV,1460.45,1510.78,1451.98,1495.98,432159,646500032.02
2026-02-17,CARBORUNIV,1496.36,1518.44,1495.24,1509.95,973644,1470157624.19
2026-02-18,CARBORUNIV,1518.84,1540.7,1454.65,1457.57,636267,927403456.83
2026-02-19,CARBORUNIV,1446.51,1491.6,1444.7,1476.42,683276,1008800990.73
2026-02-20,CARBORUNIV,1467.63,1469.26,1449.14,1449.18,652290,945284387.92
2026-02-23,CARBORUNIV,1442.39,1448.52,1426.06,1445.06,688964,995596573.32
2026-02-24,CARBORUNIV,1455.54,1505.73,1446.11,1500.49,940321,1410946801.97
2026-02-25,CARBORUNIV,1504.88,1516.21,1437.79,1453.94,811995,1180589058.14
2026-02-26,CARBORUNIV,1453.61,1466.07,1451.98,1456.93,440333,641532733.84
2026-02-27,CARBORUNIV,1453.86,1476.47,1447.91,1475.64,486227,717495102.71
2026-03-02,CARBORUNIV,1473.53,1524.73,1464.91,1507.77,635551,958261818.01
2026-03-04,CARBORUNIV,1509.58,1532.61,1487.76,1512.05,1002886,1516416360.39
2026-03-05,CARBORUNIV,1516.81,1577.23,1511.63,1559.51,877046,1367759324.64
2026-03-06,CARBORUNIV,1578.82,1594.52,1555.02,1561.62,922435,1440493409.07
2026-03-09,CARBORUNIV,1548.46,1553.29,1522.37,1537.93,763768,1174618481.47
2026-03-10,CARBORUNIV,1543.96,1551.25,1540.75,1540.99,455174,701418928.81
2026-03-11,CARBORUNIV,1522.32,1526.49,1506.0,1519.15,803487,1220620659.98
2026-03-12,CARBORUNIV,1515.23,1551.08,1505.39,1543.53,592474,914499355.51
2026-03-13,CARBORUNIV,1548.68,1556.41,1510.8,1514.07,505340,765120584.03
2026-03-16,CARBORUNIV,1514.2,1554.13,1500.37,1537.73,813497,1250935876.18
2026-03-17,CARBORUNIV,1540.45,1567.78,1500.45,1510.74,695808,1051183901.91
2026-03-18,CARBORUNIV,1511.26,1518.02,1480.34,1482.48,1042216,1545062919.42
2026-03-19,CARBORUNIV,1478.48,1478.99,1462.9,1474.54,497881,734147594.58
2026-03-20,CARBORUNIV,1472.55,1488.37,1448.73,1451.88,788311,1144530129.5
2026-03-23,CARBORUNIV,1455.15,1466.32,1414.95,1419.87,467066,663175015.77
2026-03-24,CARBORUNIV,1428.06,1433.66,1409.35,1419.67,628933,892875454.71
2026-03-25,CARBORUNIV,1424.59,1458.89,1416.94,1440.86,1030103,1484231945.29
2026-03-27,CARBORUNIV,1440.35,1458.38,1424.1,1432.88,689623,988144614.04
2026-03-30,CARBORUNIV,1432.74,1463.75,1409.05,1414.88,869942,1230864893.86
2026-03-31,CARBORUNIV,1418.47,1425.97,1379.4,1388.06,525815,729862152.98
2026-04-01,CARBORUNIV,1399.37,1436.87,1390.28,1417.72,997978,1414851801.29
2026-04-02,CARBORUNIV,1421.3,1432.37,1410.18,1418.76,495830,703465688.68
2026-04-06,CARBORUNIV,1422.68,1455.76,1422.39,1436.84,785757,1129003933.13
2026-04-07,CARBORUNIV,1434.18,1455.16,1393.31,1402.87,456139,639902810.05
2026-04-08,CARBORUNIV,1411.99,1423.22,1408.22,1422.51,911103,1296049499.32
2026-04-09,CARBORUNIV,1442.09,1442.99,1396.59,1403.07,674424,946263760.8
2026-04-10,CARBORUNIV,1412.86,1420.28,1388.41,1391.77,496149,690527369.93
2026-04-13,CARBORUNIV,1393.17,1443.47,1371.98,1428.71,849356,1213485646.93
2026-04-15,CARBORUNIV,1418.67,1431.6,1387.58,1398.74,514651,719861598.52
2026-04-16,CARBORUNIV,1397.57,1402.33,1390.96,1400.69,915330,1282091411.66
2026-04-17,CARBORUNIV,1415.12,1424.44,1394.82,1401.04,555340,778052013.2
2026-04-20,CARBORUNIV,1396.28,1407.45,1371.94,1373.3,633038,869352016.78
2026-04-21,CARBORUNIV,1370.95,1431.52,1356.99,1398.67,965556,1350493625.55
2026-04-22,CARBORUNIV,1397.94,1451.97,1369.22,1450.36,1033230,1498560351.87
2026-04-23,CARBORUNIV,1450.17,1463.75,1431.74,1453.31,862932,1254105690.33
2026-04-24,CARBORUNIV,1460.91,1466.69,1434.23,1466.56,994153,1457987627.28
2026-04-27,CARBORUNIV,1478.73,1483.04,1426.13,1433.84,1041360,1493140763.18
2026-04-28,CARBORUNIV,1415.41,1427.04,1405.12,1405.16,799893,1123979283.85
2026-04-29,CARBORUNIV,1416.13,1426.04,1378.56,1383.75,797712,1103833109.11
2026-04-30,CARBORUNIV,1376.85,1378.18,1374.59,1377.47,970088,1336263854.63
2026-05-04,CARBORUNIV,1372.88,1377.83,1370.19,1371.83,487212,668373868.58
2026-05-05,CARBORUNIV,1369.05,1385.81,1365.11,1383.98,416967,577073378.88
2026-05-06,CARBORUNIV,1394.38,1422.55,1377.87,1408.11,544722,767026584.16
2026-05-07,CARBORUNIV,1412.34,1431.25,1399.49,1430.78,570808,816699022.89
2026-05-08,CARBORUNIV,1425.45,1462.57,1423.19,1445.46,610332,882208437.65
2026-05-11,CARBORUNIV,1452.91,1469.73,1427.0,1443.79,460524,664898919.63
2026-05-12,CARBORUNIV,1431.86,1494.89,1426.46,1485.74,507853,754536075.58
2026-05-13,CARBORUNIV,1483.37,1489.14,1461.66,1462.84,586179,857483217.46
2026-05-14,CARBORUNIV,1444.8,1469.84,1440.91,1449.73,747727,1083998935.81
2026-05-15,CARBORUNIV,1450.43,1452.46,1384.66,1398.77,624694,873804636.5
2026-05-18,CARBORUNIV,1393.13,1403.0,1360.11,1363.32,622652,848873758.86
2026-05-19,CARBORUNIV,1362.02,1387.93,1345.69,1384.82,752904,1042637207.8
2026-05-20,CARBORUNIV,1391.17,1395.85,1371.14,1388.88,743390,1032476205.77
2026-05-21,CARBORUNIV,1385.98,1398.75,1375.92,1396.28,929325,1297601015.49
2026-05-22,CARBORUNIV,1395.48,1431.93,1394.17,1428.06,545496,778998759.27
2026-05-25,CARBORUNIV,1433.47,1433.49,1404.51,1408.47,1023770,1441950924.94
2026-05-26,CARBORUNIV,1412.67,1434.93,1318.72,1325.15,754602,999964327.17
2026-05-27,CARBORUNIV,1324.79,1333.57,1306.29,1313.56,969835,1273935421.31
2026-05-28,CARBORUNIV,1317.05,1349.5,1312.89,1348.16,1044114,1407631088.23
2026-05-29,CARBORUNIV,1344.28,1352.15,1300.29,1325.98,987845,1309861137.61
2026-06-01,CARBORUNIV,1329.34,1329.78,1267.58,1285.05,514968,661761246.98
2026-06-02,CARBORUNIV,1286.05,1308.28,1274.3,1305.26,653595,853113422.27
2026-06-03,CARBORUNIV,1299.61,1312.32,1286.11,1304.81,562251,733632109.92
2026-06-04,CARBORUNIV,1307.14,1316.51,1281.04,1283.82,953835,1224554005.77
2026-06-05,CARBORUNIV,1281.31,1334.67,1270.2,1326.13,496321,658188313.39
2026-06-08,CARBORUNIV,1326.21,1368.09,1322.8,1363.45,444568,606148401.29
2026-06-09,CARBORUNIV,1372.32,1390.2,1361.86,1377.65,914971,1260506814.07
2026-06-10,CARBORUNIV,1381.76,1391.64,1356.43,1374.24,749123,1029472572.83
2026-06-11,CARBORUNIV,1362.01,1386.67,1338.32,1383.07,935826,1294309253.69
2026-06-12,CARBORUNIV,1370.9,1441.3,1362.14,1436.48,719341,1033316851.62
2026-06-15,CARBORUNIV,1422.94,1456.96,1420.35,1429.72,605563,865782922.74
2026-06-16,CARBORUNIV,1437.07,1442.03,1418.11,1433.38,626128,897481576.65
2026-06-17,CARBORUNIV,1428.18,1471.59,1427.15,1465.8,976293,1431050053.81
2026-06-18,CARBORUNIV,1470.41,1488.33,1449.97,1452.07,577876,839114383.09
2026-06-19,CARBORUNIV,1452.88,1456.44,1413.82,1441.12,711017,1024657948.15
2026-06-22,CARBORUNIV,1446.28,1456.24,1426.35,1451.44,687056,997222847.81
2026-06-23,CARBORUNIV,1452.51,1517.13,1451.24,1508.23,794673,1198550268.23
2026-06-24,CARBORUNIV,1511.37,1523.65,1486.67,1504.32,901597,1356292366.31
2026-06-25,CARBORUNIV,1504.35,1536.38,1502.2,1533.61,668931,1025877266.96
2026-06-26,CARBORUNIV,1540.94,1558.48,1531.01,1548.45,935489,1448554539.43
2026-06-29,CARBORUNIV,1546.04,1561.96,1543.41,1543.58,505521,780313778.79
2026-06-30,CARBORUNIV,1546.69,1602.38,1532.28,1594.4,690057,1100229216.37
2026-07-01,CARBORUNIV,1589.43,1605.39,1584.75,1605.36,806805,1295209358.94
2026-07-02,CARBORUNIV,1613.09,1658.28,1609.09,1638.9,1018053,1668488348.66
2026-07-03,CARBORUNIV,1645.26,1652.46,1606.62,1609.58,982765,1581843161.1
2026-07-06,CARBORUNIV,1608.8,1624.05,1573.86,1597.08,819176,1308290266.65
2026-07-07,CARBORUNIV,1590.76,1604.89,1583.95,1590.26,895792,1424546622.46
2026-07-08,CARBORUNIV,1598.42,1618.52,1586.49,1606.89,1050820,1688550409.48
2026-07-09,CARBORUNIV,1602.13,1606.69,1563.56,1592.73,1036382,1650678770.62
2026-07-10,CARBORUNIV,1593.82,1617.34,1577.97,1602.9,961637,1541406058.04
2026-07-13,CARBORUNIV,1603.01,1643.46,1590.9,1627.19,721823,1174542804.13
2026-07-14,CARBORUNIV,1646.23,1650.87,1628.07,1630.86,600032,978565370.9
2026-07-15,CARBORUNIV,1628.74,1632.57,1601.44,1608.53,577387,928741436.98
2026-07-16,CARBORUNIV,1604.29,1623.67,1587.84,1621.24,841987,1365065735.35
2026-07-17,CARBORUNIV,1620.68,1679.34,1614.13,1678.69,507766,852380748.03
2026-07-20,CARBORUNIV,1686.55,1716.77,1644.53,1663.73,908610,1511686235.91
2026-07-21,CARBORUNIV,1662.93,1718.05,1661.95,1709.24,458618,783886978.91
2026-07-22,CARBORUNIV,1723.53,1732.1,1661.15,1673.77,814598,1363451575.75
2026-07-23,CARBORUNIV,1676.88,1679.08,1646.34,1652.38,870345,1438140279.45
2026-07-24,CARBORUNIV,1653.48,1657.91,1603.65,1608.34,665841,1070899042.16
2026-07-27,CARBORUNIV,1612.84,1627.23,1551.49,1565.38,954772,1494582406.01
2026-07-28,CARBORUNIV,1560.61,1578.66,1543.2,1543.7,902604,1393348540.19
2026-07-29,CARBORUNIV,1535.96,1570.25,1535.48,1567.21,1055265,1653826342.84
2026-07-30,CARBORUNIV,1571.29,1596.49,1563.4,1578.8,1027388,1622042295.52
2026-07-31,CARBORUNIV,1575.47,1584.8,1557.13,1581.02,711228,1124464497.78
2026-08-03,CARBORUNIV,1598.12,1624.52,1591.09,1623.7,956160,1552520993.66
2026-08-04,CARBORUNIV,1608.62,1631.53,1603.29,1606.35,655341,1052705683.95
2026-08-05,CARBORUNIV,1620.93,1668.89,1604.18,1650.37,614093,1013478336.84
2026-08-06,CARBORUNIV,1652.84,1653.58,1621.23,1622.44,423000,686293179.34
2026-08-07,CARBORUNIV,1612.47,1646.89,1603.63,1645.58,999291,1644418170.16
2026-08-10,CARBORUNIV,1653.75,1656.68,1620.09,1627.27,457172,743943470.2
2026-08-11,CARBORUNIV,1623.88,1702.27,1616.3,1688.21,539421,910656984.47
2026-08-12,CARBORUNIV,1687.67,1716.58,1678.28,1716.11,821785,1410276369.47
2026-08-13,CARBORUNIV,1717.49,1741.26,1682.89,1705.81,453000,772733756.37
2026-08-14,CARBORUNIV,1698.46,1736.17,1697.38,1719.05,755594,1298907128.69
2026-08-17,CARBORUNIV,1720.83,1739.15,1696.68,1701.29,592135,1007396031.69
2026-08-18,CARBORUNIV,1716.37,1717.54,1643.16,1664.28,924709,1538973020.71
2026-08-19,CARBORUNIV,1666.59,1689.15,1658.46,1674.29,547244,916245971.38
2026-08-20,CARBORUNIV,1671.92,1692.57,1658.76,1674.58,523969,877429446.96
2026-08-21,CARBORUNIV,1677.32,1681.38,1662.69,1678.33,799620,1342024183.08
2026-08-24,CARBORUNIV,1691.72,1704.31,1638.34,1652.2,1009197,1667393401.33
2026-08-25,CARBORUNIV,1661.78,1689.67,1641.6,1687.07,773190,1304422717.21
2026-08-26,CARBORUNIV,1684.69,1697.78,1671.55,1693.33,619792,1049515478.05
2026-08-27,CARBORUNIV,1691.47,1694.77,1636.14,1649.85,1019576,1682144483.28
2026-08-28,CARBORUNIV,1651.5,1660.93,1599.68,1621.15,608531,986519307.4
2026-08-31,CARBORUNIV,1619.13,1631.62,1614.94,1629.59,607999,990788133.72
2026-09-01,CARBORUNIV,1619.44,1634.23,1613.87,1631.77,642874,1049025028.24
2026-09-02,CARBORUNIV,1622.56,1716.46,1615.85,1709.37,972615,1662559959.18
2026-09-03,CARBORUNIV,1717.39,1750.1,1713.7,1735.69,787325,1366551098.57
2026-09-04,CARBORUNIV,1735.55,1751.22,1722.21,1736.38,521675,905827942.53
2026-09-07,CARBORUNIV,1733.0,1758.62,1723.69,1735.4,932758,1618710556.75
2026-09-08,CARBORUNIV,1737.59,1752.2,1697.79,1709.13,959302,1639567483.79
2026-09-09,CARBORUNIV,1716.08,1716.97,1667.45,1675.49,494120,827894212.86
2026-09-10,CARBORUNIV,1668.82,1697.77,1667.02,1685.91,887884,1496892044.76
2026-09-11,CARBORUNIV,1693.14,1715.53,1679.67,1706.87,417321,712311693.16
2026-09-14,CARBORUNIV,1693.13,1698.1,1667.43,1682.55,417673,702755705.93
2026-09-16,CARBORUNIV,1663.97,1689.66,1657.71,1683.41,515774,868258389.81
2026-09-17,CARBORUNIV,1674.42,1692.75,1671.53,1688.05,642499,1084571504.7
2026-09-18,CARBORUNIV,1673.03,1700.46,1670.58,1692.06,975921,1651318434.3
2026-09-21,CARBORUNIV,1684.97,1744.95,1678.4,1741.44,1037824,1807309804.84
2026-09-22,CARBORUNIV,1769.44,1776.36,1722.9,1738.77,791192,1375704745.83
2026-09-23,CARBORUNIV,1739.14,1769.9,1720.33,1736.1,544246,944863680.63
2026-09-24,CARBORUNIV,1728.46,1739.18,1695.17,1716.39,955858,1640622348.83
2026-09-25,CARBORUNIV,1714.18,1742.49,1694.13,1733.76,471842,818058513.85
2026-09-28,CARBORUNIV,1723.16,1730.3,1693.78,1700.92,588175,1000437898.39
2025-09-01,GOODLUCK,970.41,971.27,934.03,954.08,1004397,958276766.15
2025-09-02,GOODLUCK,956.64,963.89,956.07,963.45,523781,504638438.94
2025-09-03,GOODLUCK,969.72,981.61,956.3,967.93,962801,931921655.59
2025-09-04,GOODLUCK,965.52,971.14,948.61,957.94,534040,511577347.92
2025-09-05,GOODLUCK,951.28,955.07,940.17,940.41,1065750,1002243998.45
2025-09-08,GOODLUCK,940.54,967.4,936.78,956.62,601610,575512262.0
2025-09-09,GOODLUCK,966.77,976.71,949.21,957.63,455988,436666116.02
2025-09-10,GOODLUCK,954.43,963.05,945.59,959.23,822796,789254265.67
2025-09-11,GOODLUCK,962.74,970.94,927.57,930.93,1131469,1053318686.51
2025-09-12,GOODLUCK,936.56,941.0,927.62,935.12,1089643,1018943718.31
2025-09-15,GOODLUCK,931.34,934.73,919.33,924.34,721985,667356501.79
2025-09-16,GOODLUCK,927.37,936.95,886.25,893.11,755849,675058763.43
2025-09-17,GOODLUCK,884.21,908.37,876.37,903.26,644378,582039132.1
2025-09-18,GOODLUCK,903.73,939.04,897.79,924.0,586889,542284982.59
2025-09-19,GOODLUCK,929.94,939.63,928.66,937.49,831869,779871236.39
2025-09-22,GOODLUCK,942.17,953.5,901.24,902.01,955236,861632675.28
2025-09-23,GOODLUCK,903.48,910.74,896.09,907.95,450481,409013816.61
2025-09-24,GOODLUCK,911.29,929.08,909.58,916.37,505832,463530539.13
2025-09-25,GOODLUCK,917.53,919.12,885.9,886.72,680643,603540988.68
2025-09-26,GOODLUCK,889.7,896.19,876.42,882.76,453238,400101434.03
2025-09-29,GOODLUCK,883.7,906.92,873.58,906.4,861039,780447399.69
2025-09-30,GOODLUCK,903.88,921.69,898.99,914.56,827021,756363746.76
2025-10-01,GOODLUCK,913.82,928.16,906.18,927.82,689242,639495898.76
2025-10-03,GOODLUCK,923.72,933.89,907.43,908.89,655662,595925577.77
2025-10-06,GOODLUCK,902.65,909.21,899.72,907.84,799378,725707113.67
2025-10-07,GOODLUCK,907.68,909.97,870.61,877.25,1050163,921257085.43
2025-10-08,GOODLUCK,878.56,882.14,863.33,869.77,462896,402613832.4
2025-10-09,GOODLUCK,865.72,884.36,860.19,875.87,939138,822562922.67
2025-10-10,GOODLUCK,878.98,906.6,875.48,895.25,1072145,959836103.3
2025-10-13,GOODLUCK,895.14,899.58,883.46,895.86,457727,410058480.44
2025-10-14,GOODLUCK,893.37,900.05,889.7,899.64,791347,711927721.15
2025-10-15,GOODLUCK,895.84,905.73,880.39,882.03,501003,441901426.05
2025-10-16,GOODLUCK,883.41,892.87,879.09,891.7,477069,425400850.16
2025-10-17,GOODLUCK,893.08,901.04,879.56,884.35,943028,833967707.18
2025-10-20,GOODLUCK,888.24,890.26,863.52,867.77,530643,460478306.68
2025-10-23,GOODLUCK,870.95,873.37,855.49,860.29,901713,775733313.89
2025-10-24,GOODLUCK,859.57,862.14,849.95,852.51,698238,595251508.53
2025-10-27,GOODLUCK,863.09,865.77,844.25,846.45,525854,445107720.49
2025-10-28,GOODLUCK,842.46,851.19,837.47,849.96,1029397,874943539.41
2025-10-29,GOODLUCK,848.49,852.24,833.28,833.64,762077,635295838.09
2025-10-30,GOODLUCK,837.02,850.71,836.79,842.99,523859,441610147.34
2025-10-31,GOODLUCK,845.41,870.39,842.1,856.96,828619,710096775.48
2025-11-03,GOODLUCK,848.71,874.58,837.72,871.81,634907,553515560.48
2025-11-04,GOODLUCK,868.45,870.87,859.63,866.79,958354,830695961.4
2025-11-06,GOODLUCK,861.42,872.96,850.54,862.99,588245,507647785.71
2025-11-07,GOODLUCK,862.65,884.35,861.57,881.12,1118917,985903564.29
2025-11-10,GOODLUCK,891.48,904.5,859.56,871.76,503271,438730972.73
2025-11-11,GOODLUCK,874.53,877.18,865.43,875.37,532784,466384748.91
2025-11-12,GOODLUCK,875.2,883.38,862.55,876.24,567554,497314653.14
2025-11-13,GOODLUCK,876.85,884.24,852.77,867.55,894147,775718794.7
2025-11-14,GOODLUCK,870.37,874.8,861.65,874.53,1004462,878433667.14
2025-11-17,GOODLUCK,867.45,871.01,859.58,861.28,501289,431751358.41
2025-11-18,GOODLUCK,863.08,874.66,853.62,867.21,472698,409926578.58
2025-11-19,GOODLUCK,865.68,869.28,857.71,867.64,879179,762810621.76
2025-11-20,GOODLUCK,865.77,875.89,858.14,875.4,1072270,938668971.0
2025-11-21,GOODLUCK,878.54,887.24,876.43,883.67,628026,554968349.7
2025-11-24,GOODLUCK,886.01,896.77,861.57,861.67,1121709,966547456.08
2025-11-25,GOODLUCK,861.95,864.52,857.85,862.85,888382,766540271.31
2025-11-26,GOODLUCK,859.55,874.61,853.54,874.45,447404,391232019.17
2025-11-27,GOODLUCK,870.22,873.51,863.89,868.08,481307,417811467.82
2025-11-28,GOODLUCK,870.93,873.45,836.95,852.06,859098,731999181.72
2025-12-01,GOODLUCK,860.32,867.75,858.25,862.3,496880,428458878.45
2025-12-02,GOODLUCK,861.49,887.68,859.3,886.62,1007996,893712121.02
2025-12-03,GOODLUCK,882.0,891.33,872.18,879.12,1084136,953087977.02
2025-12-04,GOODLUCK,883.45,892.09,862.46,865.87,1112779,963519250.69
2025-12-05,GOODLUCK,866.05,887.96,863.38,881.56,477839,421245273.95
2025-12-08,GOODLUCK,878.82,904.94,877.09,902.12,653238,589296535.99
2025-12-09,GOODLUCK,901.64,924.63,891.96,920.85,1026004,944793197.23
2025-12-10,GOODLUCK,916.64,938.62,907.58,910.53,800909,729249573.75
2025-12-11,GOODLUCK,912.93,916.78,874.25,878.74,717426,630428734.8
2025-12-12,GOODLUCK,879.13,916.56,875.47,914.63,472005,431708039.7
2025-12-15,GOODLUCK,914.49,937.32,898.43,923.48,669956,618689804.43
2025-12-16,GOODLUCK,926.66,932.49,893.22,904.55,822720,744188043.26
2025-12-17,GOODLUCK,896.58,899.19,893.19,897.14,473993,425240364.48
2025-12-18,GOODLUCK,898.83,927.19,890.38,923.42,452037,417421743.65
2025-12-19,GOODLUCK,925.97,933.04,921.73,931.72,1101850,1026615663.94
2025-12-22,GOODLUCK,920.62,950.74,908.0,942.17,1117682,1053045098.09
2025-12-23,GOODLUCK,930.08,943.7,916.77,940.39,448922,422161900.31
2025-12-24,GOODLUCK,940.46,957.33,939.73,947.17,455829,431748484.84
2025-12-26,GOODLUCK,946.09,962.42,933.4,959.16,849448,814758302.02
2025-12-29,GOODLUCK,960.81,1005.64,954.23,991.48,524723,520249794.08
2025-12-30,GOODLUCK,988.94,1006.05,981.74,1005.34,462435,464904620.43
2025-12-31,GOODLUCK,1007.51,1023.93,995.22,1009.84,738054,745313300.24
2026-01-01,GOODLUCK,1009.38,1032.16,1005.29,1028.84,448315,461246532.95
2026-01-02,GOODLUCK,1022.99,1023.71,1013.59,1016.73,834298,848258804.51
2026-01-05,GOODLUCK,1012.43,1025.65,1010.95,1021.2,645435,659115559.08
2026-01-06,GOODLUCK,1010.95,1036.79,1004.61,1026.82,610766,627146974.54
2026-01-07,GOODLUCK,1021.19,1027.75,992.55,1005.86,710342,714506548.29
2026-01-08,GOODLUCK,1004.03,1005.13,948.91,958.74,645179,618558954.07
2026-01-09,GOODLUCK,960.68,982.43,954.12,968.5,481243,466082972.04
2026-01-12,GOODLUCK,968.69,969.34,956.03,958.71,650524,623663590.0
2026-01-13,GOODLUCK,960.07,970.77,954.8,967.47,796721,770804529.45
2026-01-14,GOODLUCK,963.62,976.37,944.87,973.67,1081902,1053411370.36
2026-01-15,GOODLUCK,973.72,987.21,973.53,979.17,766227,750269041.46
2026-01-16,GOODLUCK,973.19,989.01,958.3,986.55,508171,501334940.74
2026-01-19,GOODLUCK,986.24,994.45,967.44,972.52,1106761,1076347451.2
2026-01-20,GOODLUCK,966.8,981.28,965.84,975.2,874779,853084058.74
2026-01-21,GOODLUCK,969.7,982.58,961.87,972.43,1038014,1009391877.11
2026-01-22,GOODLUCK,976.8,982.44,975.61,980.26,469250,459988516.49
2026-01-23,GOODLUCK,981.46,982.77,946.73,955.23,922015,880737673.22
2026-01-27,GOODLUCK,960.58,966.3,924.24,933.29,992037,925862163.54
2026-01-28,GOODLUCK,935.78,939.88,895.47,908.48,946784,860135864.26
2026-01-29,GOODLUCK,909.25,919.28,907.85,910.83,998747,909686023.46
2026-01-30,GOODLUCK,910.49,917.61,891.14,898.54,474378,426246202.01
2026-02-02,GOODLUCK,902.7,909.77,891.5,898.63,1053818,946988767.89
2026-02-03,GOODLUCK,901.59,907.98,887.58,887.74,957487,850002514.13
2026-02-04,GOODLUCK,890.61,906.79,883.05,897.32,440568,395330480.37
2026-02-05,GOODLUCK,900.65,911.67,891.4,899.44,829153,745771825.34
2026-02-06,GOODLUCK,904.09,906.53,898.01,905.3,558997,506061905.66
2026-02-09,GOODLUCK,907.95,911.14,902.41,910.21,606053,551632592.62
2026-02-10,GOODLUCK,912.47,930.5,908.77,930.13,984809,916002180.42
2026-02-11,GOODLUCK,932.73,939.4,922.22,934.99,1112003,1039707951.3
2026-02-12,GOODLUCK,936.07,938.12,930.31,932.72,731667,682443069.77
2026-02-13,GOODLUCK,939.65,965.86,937.98,962.38,1074030,1033630315.23
2026-02-16,GOODLUCK,952.74,960.47,932.53,942.03,705187,664304116.0
2026-02-17,GOODLUCK,937.28,939.13,901.08,912.48,915732,835583060.69
2026-02-18,GOODLUCK,915.77,936.67,911.18,926.87,445046,412499086.18
2026-02-19,GOODLUCK,926.34,955.22,909.6,951.79,886800,844046825.14
2026-02-20,GOODLUCK,955.91,960.59,941.87,954.97,466485,445480569.7
2026-02-23,GOODLUCK,945.46,975.83,935.0,973.59,1105153,1075966924.36
2026-02-24,GOODLUCK,969.38,994.25,948.84,990.62,996082,986735600.82
2026-02-25,GOODLUCK,989.19,1010.28,966.56,981.27,992389,973803189.6
2026-02-26,GOODLUCK,985.47,1013.5,971.01,1011.97,552353,558966430.63
2026-02-27,GOODLUCK,1002.87,1043.73,991.84,1036.87,934900,969370747.95
2026-03-02,GOODLUCK,1034.22,1069.99,1032.57,1068.37,553258,591086387.19
2026-03-04,GOODLUCK,1072.11,1079.39,1056.81,1057.36,846161,894694638.53
2026-03-05,GOODLUCK,1052.53,1053.67,1038.69,1045.25,846887,885209841.1
2026-03-06,GOODLUCK,1041.43,1047.35,995.89,1004.37,937751,941849423.97
2026-03-09,GOODLUCK,1000.93,1025.13,994.07,1021.08,1036131,1057975730.42
2026-03-10,GOODLUCK,1025.22,1036.25,997.54,1014.93,1027769,1043118023.14
2026-03-11,GOODLUCK,1013.37,1033.88,994.51,1029.41,665947,685534448.28
2026-03-12,GOODLUCK,1022.46,1049.54,1021.55,1042.35,780881,813953022.27
2026-03-13,GOODLUCK,1044.3,1047.32,982.54,993.58,626992,622967792.11
2026-03-16,GOODLUCK,998.74,1013.11,987.37,999.34,938165,937545021.67
2026-03-17,GOODLUCK,1000.5,1003.83,993.39,995.15,700349,696952887.51
2026-03-18,GOODLUCK,991.52,1004.81,987.72,996.61,697801,695436413.1
2026-03-19,GOODLUCK,1000.33,1001.42,995.19,995.62,1002931,998536386.66
2026-03-20,GOODLUCK,996.04,1016.12,993.91,994.04,1022000,1015910421.52
2026-03-23,GOODLUCK,990.0,1003.77,980.19,991.91,653540,648251030.63
2026-03-24,GOODLUCK,989.49,994.75,981.15,982.9,792797,779241207.28
2026-03-25,GOODLUCK,980.48,990.84,961.62,969.01,856930,830369982.82
2026-03-27,GOODLUCK,976.31,987.38,958.95,965.52,1105523,1067403923.94
2026-03-30,GOODLUCK,962.0,996.49,941.05,992.51,923791,916869261.92
2026-03-31,GOODLUCK,991.17,1015.72,963.73,975.98,580305,566367359.53
2026-04-01,GOODLUCK,974.54,989.39,954.31,957.03,779243,745755445.94
2026-04-02,GOODLUCK,962.87,971.41,961.83,968.43,1039746,1006921810.35
2026-04-06,GOODLUCK,967.06,971.39,929.75,932.43,697168,650057518.66
2026-04-07,GOODLUCK,923.24,924.91,905.7,909.31,611972,556472900.84
2026-04-08,GOODLUCK,906.32,912.61,895.36,900.83,896398,807500788.46
2026-04-09,GOODLUCK,896.75,907.69,890.51,897.24,485722,435810978.62
2026-04-10,GOODLUCK,901.68,906.62,897.08,905.46,633390,573512038.65
2026-04-13,GOODLUCK,917.18,933.03,915.7,918.51,535929,492257041.34
2026-04-15,GOODLUCK,920.11,934.81,913.2,928.24,1096189,1017523739.1
2026-04-16,GOODLUCK,924.21,944.33,920.35,943.17,683416,644580297.4
2026-04-17,GOODLUCK,944.96,955.82,928.08,952.6,521810,497075719.94
2026-04-20,GOODLUCK,947.42,950.31,914.8,922.11,1056753,974443086.28
2026-04-21,GOODLUCK,920.05,932.91,918.59,930.11,931413,866316019.09
2026-04-22,GOODLUCK,931.6,963.35,924.81,951.63,514846,489942760.52
2026-04-23,GOODLUCK,950.43,954.89,934.39,937.7,847164,794385085.91
2026-04-24,GOODLUCK,946.24,954.47,942.17,946.13,741137,701211929.96
2026-04-27,GOODLUCK,950.21,997.98,945.53,984.34,1130806,1113097347.51
2026-04-28,GOODLUCK,992.68,1008.94,958.62,969.91,1055481,1023726576.9
2026-04-29,GOODLUCK,969.57,996.38,966.78,993.66,940484,934517763.1
2026-04-30,GOODLUCK,998.8,1007.46,988.53,988.57,520362,514414119.01
2026-05-04,GOODLUCK,985.32,1005.32,980.16,997.98,1026834,1024758553.58
2026-05-05,GOODLUCK,994.64,1029.11,993.96,1014.89,704557,715044535.22
2026-05-06,GOODLUCK,1012.65,1040.93,997.03,1033.66,875317,904783043.07
2026-05-07,GOODLUCK,1028.19,1039.3,1014.34,1035.22,892211,923638636.38
2026-05-08,GOODLUCK,1027.78,1042.02,1012.26,1033.37,831702,859456364.07
2026-05-11,GOODLUCK,1045.89,1049.23,1031.76,1035.07,726631,752116447.68
2026-05-12,GOODLUCK,1039.78,1046.99,1011.59,1030.4,894785,921983153.8
2026-05-13,GOODLUCK,1024.66,1035.57,1018.26,1027.78,514393,528680642.66
2026-05-14,GOODLUCK,1029.83,1034.17,1022.05,1032.94,531502,549008684.41
2026-05-15,GOODLUCK,1035.15,1060.94,1033.37,1059.84,907473,961772199.36
2026-05-18,GOODLUCK,1055.84,1110.21,1055.39,1105.26,1077355,1190759202.67
2026-05-19,GOODLUCK,1105.08,1130.72,1102.18,1128.09,483042,544916405.34
2026-05-20,GOODLUCK,1126.11,1140.5,1117.7,1139.6,745162,849190104.81
2026-05-21,GOODLUCK,1136.4,1147.31,1121.34,1128.1,1090417,1230104613.86
2026-05-22,GOODLUCK,1136.26,1136.45,1046.47,1057.1,725515,766945459.01
2026-05-25,GOODLUCK,1058.38,1072.41,1056.48,1059.15,649022,687413489.48
2026-05-26,GOODLUCK,1052.54,1080.88,1051.69,1074.02,805033,864624177.37
2026-05-27,GOODLUCK,1079.07,1084.43,1054.86,1078.53,456910,492791118.33
2026-05-28,GOODLUCK,1081.39,1083.91,1076.68,1082.76,865599,937237327.56
2026-05-29,GOODLUCK,1082.74,1095.6,1021.44,1045.62,453975,474685940.64
2026-06-01,GOODLUCK,1045.26,1047.66,1039.56,1043.81,1130114,1179626604.11
2026-06-02,GOODLUCK,1041.89,1066.41,1023.4,1057.87,594615,629025634.43
2026-06-03,GOODLUCK,1059.23,1072.55,1054.72,1066.99,922508,984303041.69
2026-06-04,GOODLUCK,1058.17,1066.97,1053.16,1056.04,974531,1029147145.09
2026-06-05,GOODLUCK,1059.35,1060.88,1022.53,1026.77,1112366,1142144520.97
2026-06-08,GOODLUCK,1028.37,1055.2,1019.75,1050.62,1107896,1163981359.85
2026-06-09,GOODLUCK,1051.83,1058.78,1033.45,1049.96,967703,1016047196.01
2026-06-10,GOODLUCK,1055.24,1060.94,1047.19,1056.15,598778,632400122.15
2026-06-11,GOODLUCK,1052.38,1096.74,1044.06,1091.77,713353,778814006.67
2026-06-12,GOODLUCK,1099.04,1117.12,1096.78,1116.01,991790,1106847734.96
2026-06-15,GOODLUCK,1119.64,1128.85,1116.08,1122.56,958060,1075484115.66
2026-06-16,GOODLUCK,1119.16,1158.74,1116.24,1157.58,732460,847878717.9
2026-06-17,GOODLUCK,1154.96,1157.82,1144.54,1152.4,870124,1002735010.38
2026-06-18,GOODLUCK,1156.21,1181.97,1147.66,1176.62,750904,883526122.19
2026-06-19,GOODLUCK,1184.03,1187.2,1168.1,1175.94,984539,1157757377.13
2026-06-22,GOODLUCK,1171.72,1201.05,1170.72,1191.85,629706,750512926.98
2026-06-23,GOODLUCK,1188.41,1226.45,1182.99,1224.37,936209,1146264535.34
2026-06-24,GOODLUCK,1228.78,1255.57,1216.7,1252.23,1092060,1367514199.3
2026-06-25,GOODLUCK,1261.74,1296.41,1249.54,1287.62,925452,1191632817.41
2026-06-26,GOODLUCK,1290.39,1302.37,1279.6,1281.09,1010904,1295056123.54
2026-06-29,GOODLUCK,1276.77,1345.19,1264.72,1328.11,739315,981891440.29
2026-06-30,GOODLUCK,1339.39,1345.67,1321.42,1329.41,454711,604498656.9
2026-07-01,GOODLUCK,1342.72,1356.87,1305.28,1307.15,819627,1071377657.19
2026-07-02,GOODLUCK,1311.23,1332.97,1307.78,1316.3,467082,614817921.32
2026-07-03,GOODLUCK,1313.94,1314.24,1277.91,1281.34,899105,1152062195.53
2026-07-06,GOODLUCK,1273.84,1286.61,1250.14,1260.61,768467,968733346.98
2026-07-07,GOODLUCK,1263.68,1321.8,1262.1,1319.29,978340,1290709861.93
2026-07-08,GOODLUCK,1323.95,1375.11,1305.74,1365.24,600564,819914261.86
2026-07-09,GOODLUCK,1368.05,1368.09,1364.36,1366.27,592662,809735990.02
2026-07-10,GOODLUCK,1366.33,1374.27,1337.09,1353.25,841936,1139348027.9
2026-07-13,GOODLUCK,1362.8,1364.54,1346.99,1364.34,932815,1272674637.2
2026-07-14,GOODLUCK,1364.54,1377.79,1317.12,1326.28,687358,911628529.5
2026-07-15,GOODLUCK,1326.76,1394.26,1315.12,1380.91,482786,666685248.81
2026-07-16,GOODLUCK,1383.14,1402.15,1364.59,1389.11,956943,1329297535.53
2026-07-17,GOODLUCK,1383.61,1384.94,1368.89,1380.15,822670,1135412028.52
2026-07-20,GOODLUCK,1393.24,1393.74,1354.81,1362.5,798272,1087647093.25
2026-07-21,GOODLUCK,1367.13,1382.34,1363.31,1374.5,756832,1040269222.88
2026-07-22,GOODLUCK,1376.94,1386.34,1363.45,1375.87,1028902,1415634341.18
2026-07-23,GOODLUCK,1370.52,1396.4,1369.8,1394.16,981050,1367740638.53
2026-07-24,GOODLUCK,1382.26,1410.89,1354.02,1407.87,686405,966371049.29
2026-07-27,GOODLUCK,1399.51,1437.71,1395.97,1432.85,548065,785294895.58
2026-07-28,GOODLUCK,1438.08,1448.29,1417.88,1419.71,755173,1072126291.81
2026-07-29,GOODLUCK,1416.83,1434.84,1407.35,1409.19,1130869,1593608973.27
2026-07-30,GOODLUCK,1411.16,1424.68,1408.01,1419.63,493350,700373162.68
2026-07-31,GOODLUCK,1424.46,1435.74,1406.33,1416.57,1130665,1601664375.32
2026-08-03,GOODLUCK,1426.05,1449.36,1392.96,1402.8,576232,808337106.25
2026-08-04,GOODLUCK,1397.75,1407.69,1382.64,1383.82,1072387,1483992836.86
2026-08-05,GOODLUCK,1377.95,1380.39,1355.82,1364.6,847399,1156363226.04
2026-08-06,GOODLUCK,1380.25,1411.16,1369.32,1397.0,1012684,1414718306.5
2026-08-07,GOODLUCK,1395.29,1403.65,1376.92,1381.57,764073,1055618398.21
2026-08-10,GOODLUCK,1373.24,1387.41,1363.96,1379.43,459619,634013815.1
2026-08-11,GOODLUCK,1380.86,1388.37,1346.4,1349.53,900251,1214920182.87
2026-08-12,GOODLUCK,1365.46,1375.82,1334.82,1336.93,610243,815854886.04
2026-08-13,GOODLUCK,1330.37,1331.76,1297.41,1298.29,1028812,1335694796.18
2026-08-14,GOODLUCK,1303.66,1338.28,1295.75,1323.95,1075918,1424463876.87
2026-08-17,GOODLUCK,1328.35,1352.15,1309.95,1326.34,752918,998624948.81
2026-08-18,GOODLUCK,1325.14,1355.85,1321.12,1345.52,1065560,1433729130.28
2026-08-19,GOODLUCK,1345.33,1353.86,1263.91,1274.05,667969,851026011.32
2026-08-20,GOODLUCK,1270.96,1275.02,1261.19,1268.49,621786,788726641.89
2026-08-21,GOODLUCK,1269.32,1284.45,1267.15,1279.42,983365,1258135366.11
2026-08-24,GOODLUCK,1289.57,1298.84,1262.05,1266.66,1067310,1351916545.57
2026-08-25,GOODLUCK,1266.51,1273.3,1253.19,1262.4,447380,564770632.91
2026-08-26,GOODLUCK,1271.24,1277.0,1262.66,1265.22,815173,1031376592.05
2026-08-27,GOODLUCK,1265.4,1275.32,1217.45,1223.74,751384,919501406.87
2026-08-28,GOODLUCK,1212.09,1215.97,1150.6,1170.45,539858,631876619.44
2026-08-31,GOODLUCK,1170.55,1195.14,1162.39,1190.51,851645,1013894380.74
2026-09-01,GOODLUCK,1193.22,1194.71,1172.39,1177.78,1026936,1209503350.14
2026-09-02,GOODLUCK,1172.64,1200.91,1160.01,1196.21,706334,844922721.43
2026-09-03,GOODLUCK,1197.81,1203.17,1172.35,1182.33,508601,601331709.27
2026-09-04,GOODLUCK,1185.0,1210.64,1180.11,1207.55,1028556,1242035601.78
2026-09-07,GOODLUCK,1199.72,1217.23,1195.17,1200.51,461400,553915679.76
2026-09-08,GOODLUCK,1191.27,1230.67,1185.2,1218.7,891653,1086656780.98
2026-09-09,GOODLUCK,1216.15,1224.05,1186.97,1207.42,557498,673134370.46
2026-09-10,GOODLUCK,1201.01,1202.12,1173.08,1182.22,969185,1145787058.4
2026-09-11,GOODLUCK,1183.9,1211.16,1174.03,1209.41,862414,1043014440.74
2026-09-14,GOODLUCK,1215.89,1244.76,1203.32,1236.31,505766,625284946.99
2026-09-16,GOODLUCK,1242.15,1263.07,1222.52,1261.49,1041371,1313677473.71
2026-09-17,GOODLUCK,1262.7,1272.21,1236.02,1246.24,977437,1218116343.04
2026-09-18,GOODLUCK,1240.96,1265.15,1233.09,1255.0,606938,761709679.01
2026-09-21,GOODLUCK,1261.48,1264.72,1222.36,1230.05,1081306,1330055286.36
2026-09-22,GOODLUCK,1236.89,1238.27,1217.47,1219.36,491708,599567841.73
2026-09-23,GOODLUCK,1213.37,1217.55,1169.61,1182.56,914454,1081395536.33
2026-09-24,GOODLUCK,1182.97,1191.45,1176.52,1190.38,941445,1120676078.55
2026-09-25,GOODLUCK,1187.93,1194.31,1169.8,1187.29,557711,662165994.39
2026-09-28,GOODLUCK,1187.0,1254.18,1186.68,1233.45,486530,600110292.82
2025-09-01,ENGINERSIN,210.63,211.26,210.24,210.77,1538009,324170395.44
2025-09-02,ENGINERSIN,208.94,215.81,206.59,214.15,1478185,316555080.24
2025-09-03,ENGINERSIN,215.18,216.81,213.24,215.69,2185112,471317472.53
2025-09-04,ENGINERSIN,213.23,220.98,211.03,218.67,1370079,299588616.21
2025-09-05,ENGINERSIN,218.52,219.01,212.75,212.98,1384793,294936169.92
2025-09-08,ENGINERSIN,212.91,216.16,212.19,213.84,1003973,214688067.91
2025-09-09,ENGINERSIN,214.34,215.97,205.54,209.45,2179500,456494093.48
2025-09-10,ENGINERSIN,208.79,211.18,207.37,210.14,1982118,416526089.62
2025-09-11,ENGINERSIN,211.09,214.4,209.77,213.29,1023360,218269866.9
2025-09-12,ENGINERSIN,212.89,218.75,211.52,218.1,942473,205557834.27
2025-09-15,ENGINERSIN,217.24,217.92,216.12,217.09,1294238,280967738.73
2025-09-16,ENGINERSIN,217.2,217.43,208.93,212.0,2019575,428144411.15
2025-09-17,ENGINERSIN,211.41,211.62,209.83,211.1,2319786,489701124.81
2025-09-18,ENGINERSIN,211.36,212.93,210.18,211.32,1171759,247614118.4
2025-09-19,ENGINERSIN,210.58,216.88,210.07,214.53,1896036,406750761.56
2025-09-22,ENGINERSIN,214.93,216.49,211.15,212.38,1496545,317836113.28
2025-09-23,ENGINERSIN,213.41,216.22,212.55,215.55,1337647,288329666.87
2025-09-24,ENGINERSIN,214.38,214.86,214.02,214.65,2097194,450164722.04
2025-09-25,ENGINERSIN,214.81,215.92,209.99,211.58,2177039,460622754.8
2025-09-26,ENGINERSIN,212.05,214.97,199.34,204.26,1527151,311941718.81
2025-09-29,ENGINERSIN,204.46,205.62,202.04,204.82,1951354,399674140.92
2025-09-30,ENGINERSIN,203.85,204.09,202.19,203.61,1256712,255884467.61
2025-10-01,ENGINERSIN,202.54,207.2,201.61,203.96,1865538,380503615.01
2025-10-03,ENGINERSIN,204.04,205.67,198.95,201.53,1525900,307516723.78
2025-10-06,ENGINERSIN,203.14,203.2,198.8,201.68,1810297,365102250.87
2025-10-07,ENGINERSIN,203.09,206.02,202.26,203.93,2334832,476151462.88
2025-10-08,ENGINERSIN,202.01,208.82,200.89,208.42,1543957,321797455.71
2025-10-09,ENGINERSIN,209.74,211.29,208.64,208.78,1267487,264625641.05
2025-10-10,ENGINERSIN,208.29,209.38,205.26,208.7,1614541,336952230.16
2025-10-13,ENGINERSIN,209.55,210.61,203.67,204.43,1519955,310721658.05
2025-10-14,ENGINERSIN,204.92,209.47,203.47,208.34,1465976,305427931.63
2025-10-15,ENGINERSIN,207.94,211.46,206.56,207.43,1983706,411484390.5
2025-10-16,ENGINERSIN,208.12,214.07,207.32,212.22,1238430,262815980.83
2025-10-17,ENGINERSIN,211.56,212.95,210.9,211.35,2173603,459386266.09
2025-10-20,ENGINERSIN,210.93,213.15,208.95,209.3,2175283,455279306.51
2025-10-23,ENGINERSIN,209.06,213.77,206.61,212.66,1680765,357423717.17
2025-10-24,ENGINERSIN,213.06,213.64,207.22,207.33,1832192,379872136.24
2025-10-27,ENGINERSIN,208.86,213.01,204.67,206.52,1972313,407316116.49
2025-10-28,ENGINERSIN,207.74,211.26,206.36,206.77,1197952,247706063.95
2025-10-29,ENGINERSIN,207.2,208.26,204.83,206.31,2101902,433633099.79
2025-10-30,ENGINERSIN,206.92,209.24,205.93,207.1,1337184,276928590.26
2025-10-31,ENGINERSIN,207.85,211.25,206.33,210.38,1940924,408341190.75
2025-11-03,ENGINERSIN,209.46,218.64,207.97,214.62,1549540,332560632.06
2025-11-04,ENGINERSIN,214.21,214.55,212.2,213.39,2186905,466672946.54
2025-11-06,ENGINERSIN,213.07,220.88,211.82,220.02,1278815,281359877.84
2025-11-07,ENGINERSIN,219.46,221.76,213.3,214.76,1836958,394496747.87
2025-11-10,ENGINERSIN,214.03,217.07,213.96,215.78,1363195,294155707.29
2025-11-11,ENGINERSIN,216.78,220.03,216.5,219.62,1660495,364681828.66
2025-11-12,ENGINERSIN,220.1,221.06,213.74,216.4,1406967,304473479.59
2025-11-13,ENGINERSIN,216.4,216.75,203.71,207.43,943937,195801691.59
2025-11-14,ENGINERSIN,209.35,210.51,203.56,204.0,1261678,257387934.94
2025-11-17,ENGINERSIN,203.92,205.98,201.57,202.15,1671355,337863892.56
2025-11-18,ENGINERSIN,201.64,207.36,198.5,206.62,1999358,413101221.01
2025-11-19,ENGINERSIN,206.29,213.59,203.41,211.95,1679343,355944278.34
2025-11-20,ENGINERSIN,212.17,213.91,212.11,212.39,1412246,299946351.28
2025-11-21,ENGINERSIN,213.35,214.0,210.6,212.09,2377134,504166698.62
2025-11-24,ENGINERSIN,211.04,212.85,209.79,211.89,1111009,235411276.94
2025-11-25,ENGINERSIN,211.24,213.02,209.07,209.32,1689811,353711487.08
2025-11-26,ENGINERSIN,208.62,210.46,208.13,209.85,1044227,219129414.45
2025-11-27,ENGINERSIN,209.06,214.0,205.18,212.26,1304548,276898221.76
2025-11-28,ENGINERSIN,212.19,213.74,211.8,213.13,1792075,381952435.83
2025-12-01,ENGINERSIN,212.01,213.14,211.0,212.95,2208624,470335489.18
2025-12-02,ENGINERSIN,211.27,218.74,210.89,214.89,941537,202326764.35
2025-12-03,ENGINERSIN,213.86,214.32,210.92,211.75,1410052,298579032.21
2025-12-04,ENGINERSIN,211.87,212.46,211.81,212.08,1162807,246603702.29
2025-12-05,ENGINERSIN,211.7,220.7,211.38,220.54,1084219,239110597.77
2025-12-08,ENGINERSIN,220.38,220.75,219.32,220.18,1902371,418858092.26
2025-12-09,ENGINERSIN,220.7,223.01,210.31,213.31,1151297,245582459.16
2025-12-10,ENGINERSIN,213.73,214.57,209.74,210.55,1909277,401999730.19
2025-12-11,ENGINERSIN,212.49,215.22,204.92,206.37,2026926,418291849.08
2025-12-12,ENGINERSIN,206.38,208.57,205.49,208.4,2145647,447152514.06
2025-12-15,ENGINERSIN,211.52,211.8,210.45,211.62,2263395,478982636.94
2025-12-16,ENGINERSIN,212.32,215.08,210.58,214.35,1280580,274498475.39
2025-12-17,ENGINERSIN,212.47,219.02,209.05,217.45,1582912,344207205.49
2025-12-18,ENGINERSIN,217.15,219.78,214.9,215.56,958310,206573323.51
2025-12-19,ENGINERSIN,215.29,216.96,213.79,215.96,1165499,251696560.02
2025-12-22,ENGINERSIN,216.04,216.84,210.45,212.93,1064042,226562287.24
2025-12-23,ENGINERSIN,214.18,216.93,213.57,213.7,2070604,442496532.74
2025-12-24,ENGINERSIN,212.7,218.14,211.78,217.35,1340728,291406425.65
2025-12-26,ENGINERSIN,215.46,217.66,211.48,211.54,1603483,339195926.12
2025-12-29,ENGINERSIN,212.66,223.69,210.39,223.56,1277015,285490002.64
2025-12-30,ENGINERSIN,224.23,230.14,221.78,228.14,1153538,263163176.71
2025-12-31,ENGINERSIN,227.84,231.37,226.32,231.09,1971474,455586041.69
2026-01-01,ENGINERSIN,230.55,244.53,230.29,243.12,1559795,379211658.01
2026-01-02,ENGINERSIN,243.81,247.86,243.68,245.93,1232773,303180977.18
2026-01-05,ENGINERSIN,247.09,250.57,244.44,246.1,1133611,278978728.51
2026-01-06,ENGINERSIN,245.87,246.26,244.09,244.21,2155106,526305114.03
2026-01-07,ENGINERSIN,245.56,250.52,244.5,245.46,2141925,525762429.3
2026-01-08,ENGINERSIN,244.17,252.17,242.79,251.03,2072417,520237704.65
2026-01-09,ENGINERSIN,251.97,253.52,245.56,248.43,2239550,556372497.94
2026-01-12,ENGINERSIN,246.41,248.99,245.78,247.26,1709737,422744855.16
2026-01-13,ENGINERSIN,246.85,252.73,246.39,251.69,1592545,400825790.66
2026-01-14,ENGINERSIN,253.67,260.11,252.91,259.72,1347780,350050080.59
2026-01-15,ENGINERSIN,258.64,260.29,247.93,250.59,2054782,514903116.17
2026-01-16,ENGINERSIN,250.54,253.5,248.67,252.08,1723563,434481682.99
2026-01-19,ENGINERSIN,253.78,255.55,250.36,251.84,1036075,260923477.36
2026-01-20,ENGINERSIN,254.12,255.54,253.86,254.65,1480760,377076946.35
2026-01-21,ENGINERSIN,254.64,254.71,245.47,248.06,1799987,446500132.32
2026-01-22,ENGINERSIN,246.24,250.58,244.39,250.46,2199794,550958825.02
2026-01-23,ENGINERSIN,249.31,253.54,245.61,250.41,1417900,355062888.3
2026-01-27,ENGINERSIN,249.46,251.27,246.46,247.14,1927180,476279847.46
2026-01-28,ENGINERSIN,246.99,249.44,245.14,249.13,1781467,443809693.43
2026-01-29,ENGINERSIN,248.91,256.52,246.02,254.61,1179875,300403441.56
2026-01-30,ENGINERSIN,253.16,260.85,253.04,257.61,1530498,394272337.34
2026-02-02,ENGINERSIN,258.95,259.47,254.95,256.29,1920741,492258149.16
2026-02-03,ENGINERSIN,256.8,259.2,253.94,256.06,1329336,340385994.9
2026-02-04,ENGINERSIN,256.13,259.32,255.97,257.85,2283696,588859238.28
2026-02-05,ENGINERSIN,255.95,256.52,250.8,255.32,1078462,275354229.33
2026-02-06,ENGINERSIN,253.95,264.89,252.17,264.87,2307949,611297863.03
2026-02-09,ENGINERSIN,265.83,269.85,263.02,263.66,1437867,379106128.62
2026-02-10,ENGINERSIN,262.68,264.01,262.54,263.91,1449711,382598817.18
2026-02-11,ENGINERSIN,264.39,265.78,254.64,255.45,1150759,293962691.93
2026-02-12,ENGINERSIN,255.44,261.53,253.75,258.55,1572214,406495379.37
2026-02-13,ENGINERSIN,258.92,260.67,254.7,254.86,1239169,315815461.19
2026-02-16,ENGINERSIN,252.18,253.14,244.54,245.43,2055295,504424637.2
2026-02-17,ENGINERSIN,245.18,247.8,240.68,242.85,1972056,478909059.54
2026-02-18,ENGINERSIN,243.48,244.73,238.59,242.82,1158958,281413934.67
2026-02-19,ENGINERSIN,240.5,252.95,239.58,252.66,2380503,601464085.05
2026-02-20,ENGINERSIN,252.99,253.72,245.02,245.63,1604165,394027047.24
2026-02-23,ENGINERSIN,245.15,246.55,244.52,245.63,1633866,401320681.93
2026-02-24,ENGINERSIN,245.24,248.73,242.65,248.39,1803143,447881989.95
2026-02-25,ENGINERSIN,248.46,255.56,245.83,254.34,2103620,535025903.0
2026-02-26,ENGINERSIN,255.22,255.38,242.83,243.44,2198544,535206202.7
2026-02-27,ENGINERSIN,243.56,246.5,236.67,236.74,1960180,464056766.4
2026-03-02,ENGINERSIN,237.11,240.31,235.87,236.96,1639403,388471792.83
2026-03-04,ENGINERSIN,238.11,239.51,228.32,229.99,1010936,232501732.64
2026-03-05,ENGINERSIN,229.94,231.48,224.72,227.3,1230745,279754130.43
2026-03-06,ENGINERSIN,227.35,229.45,223.83,229.3,2081280,477233483.47
2026-03-09,ENGINERSIN,229.65,232.34,229.02,231.57,1380458,319672555.37
2026-03-10,ENGINERSIN,231.83,232.13,231.26,231.3,1656636,383171632.69
2026-03-11,ENGINERSIN,231.85,240.56,229.97,239.18,1080921,258531958.16
2026-03-12,ENGINERSIN,239.77,240.73,234.1,234.69,1418349,332874608.82
2026-03-13,ENGINERSIN,236.21,236.6,225.32,226.47,1538094,348337368.49
2026-03-16,ENGINERSIN,227.26,229.59,224.41,225.4,2054835,463158634.31
2026-03-17,ENGINERSIN,226.89,226.95,221.53,223.9,1346127,301403127.99
2026-03-18,ENGINERSIN,223.09,223.63,219.4,220.0,1030188,226638466.88
2026-03-19,ENGINERSIN,220.32,226.1,220.3,224.73,1145254,257374575.08
2026-03-20,ENGINERSIN,224.64,225.32,223.86,224.15,1284737,287971659.49
2026-03-23,ENGINERSIN,223.28,224.73,220.49,221.24,1507150,333439444.19
2026-03-24,ENGINERSIN,222.16,223.21,218.16,220.01,1834524,403615141.67
2026-03-25,ENGINERSIN,218.79,227.32,217.0,225.91,1448807,327297340.82
2026-03-27,ENGINERSIN,224.0,237.1,222.62,235.06,2168213,509665444.66
2026-03-30,ENGINERSIN,235.98,238.25,231.0,231.31,1722402,398412864.39
2026-03-31,ENGINERSIN,229.92,233.38,228.71,230.44,1220463,281247632.31
2026-04-01,ENGINERSIN,231.58,234.36,227.86,228.42,1858140,424443492.49
2026-04-02,ENGINERSIN,226.66,228.12,221.88,224.84,1426991,320845326.92
2026-04-06,ENGINERSIN,226.66,228.14,225.17,227.34,1263265,287185165.45
2026-04-07,ENGINERSIN,224.57,231.97,224.5,228.97,1215734,278361779.98
2026-04-08,ENGINERSIN,229.47,231.42,226.42,228.51,2123402,485215120.4
2026-04-09,ENGINERSIN,227.73,234.95,226.95,234.4,987508,231467144.93
2026-04-10,ENGINERSIN,235.11,238.93,233.69,236.73,2379510,563308874.38
2026-04-13,ENGINERSIN,236.6,237.75,233.77,233.87,1370479,320508612.07
2026-04-15,ENGINERSIN,234.77,236.55,225.92,226.9,1556313,353135116.92
2026-04-16,ENGINERSIN,227.29,230.58,225.39,228.43,1386450,316701444.33
2026-04-17,ENGINERSIN,228.91,232.17,225.77,230.45,1141750,263117995.67
2026-04-20,ENGINERSIN,230.45,231.77,229.38,230.81,961988,222040146.56
2026-04-21,ENGINERSIN,232.35,235.5,231.32,234.55,1377762,323156751.05
2026-04-22,ENGINERSIN,233.31,234.24,232.54,233.79,1483996,346945688.78
2026-04-23,ENGINERSIN,234.33,238.78,233.51,235.58,1774577,418055582.83
2026-04-24,ENGINERSIN,234.54,243.02,231.67,241.11,1847188,445371419.43
2026-04-27,ENGINERSIN,242.97,243.61,235.55,237.06,1121277,265811637.2
2026-04-28,ENGINERSIN,238.65,239.19,227.77,230.15,1921715,442277599.49
2026-04-29,ENGINERSIN,229.38,232.13,223.33,226.17,1904608,430765892.77
2026-04-30,ENGINERSIN,226.21,228.01,225.86,227.21,1110824,252394237.38
2026-05-04,ENGINERSIN,226.77,226.91,224.67,226.7,1701432,385718975.95
2026-05-05,ENGINERSIN,227.24,233.89,225.79,233.26,1313889,306478550.43
2026-05-06,ENGINERSIN,231.75,237.02,231.21,234.2,1985532,465010296.94
2026-05-07,ENGINERSIN,233.92,242.25,233.38,238.15,1310727,312151551.44
2026-05-08,ENGINERSIN,237.86,237.97,236.68,236.72,2087866,494245076.14
2026-05-11,ENGINERSIN,236.63,240.32,233.75,236.77,1352838,320306060.11
2026-05-12,ENGINERSIN,235.99,240.71,235.75,240.64,994796,239383592.2
2026-05-13,ENGINERSIN,240.96,248.27,240.43,247.15,2241668,554023452.35
2026-05-14,ENGINERSIN,248.97,249.11,242.92,246.78,1676530,413736597.62
2026-05-15,ENGINERSIN,247.3,248.43,237.67,241.63,1850500,447135037.67
2026-05-18,ENGINERSIN,239.78,240.85,239.24,240.15,1655750,397623475.73
2026-05-19,ENGINERSIN,240.94,240.98,235.17,235.68,1362713,321168225.88
2026-05-20,ENGINERSIN,236.73,237.78,228.78,230.49,2392503,551457105.62
2026-05-21,ENGINERSIN,230.88,235.62,229.79,235.22,2023217,475910916.75
2026-05-22,ENGINERSIN,235.88,238.36,229.3,230.77,1840435,424723574.76
2026-05-25,ENGINERSIN,229.55,230.31,223.12,225.54,1225057,276293344.67
2026-05-26,ENGINERSIN,226.47,228.86,224.05,225.14,1873402,421768771.05
2026-05-27,ENGINERSIN,227.33,227.42,223.32,223.94,1840863,412236247.07
2026-05-28,ENGINERSIN,223.34,223.49,214.98,216.37,2142352,463543340.59
2026-05-29,ENGINERSIN,216.07,217.21,215.43,216.73,1207022,261598892.07
2026-06-01,ENGINERSIN,217.63,218.45,211.95,213.99,1515171,324235390.61
2026-06-02,ENGINERSIN,215.0,216.81,210.9,215.31,2342016,504255830.72
2026-06-03,ENGINERSIN,215.01,215.52,214.19,214.66,1557264,334281783.48
2026-06-04,ENGINERSIN,214.21,216.41,214.18,215.39,1565674,337225490.3
2026-06-05,ENGINERSIN,216.01,218.13,206.05,206.81,1691479,349816571.49
2026-06-08,ENGINERSIN,206.35,207.16,199.35,200.76,1686267,338543182.17
2026-06-09,ENGINERSIN,201.42,201.7,200.52,201.15,1028163,206814730.7
2026-06-10,ENGINERSIN,201.99,206.6,200.64,204.49,1066692,218128257.78
2026-06-11,ENGINERSIN,204.92,205.67,201.93,202.2,1677714,339228268.28
2026-06-12,ENGINERSIN,202.16,203.25,199.38,199.72,1195405,238743155.4
2026-06-15,ENGINERSIN,198.88,203.44,198.46,203.0,1131398,229677849.71
2026-06-16,ENGINERSIN,202.57,203.24,201.9,202.81,1396857,283300003.03
2026-06-17,ENGINERSIN,203.46,206.23,199.27,199.74,1602096,319996228.76
2026-06-18,ENGINERSIN,200.5,203.85,200.46,202.58,1325613,268541316.77
2026-06-19,ENGINERSIN,201.18,205.74,200.97,204.95,1832199,375501493.19
2026-06-22,ENGINERSIN,204.23,210.54,202.03,210.16,939659,197477461.01
2026-06-23,ENGINERSIN,210.92,215.72,208.16,215.32,2359337,508012741.5
2026-06-24,ENGINERSIN,214.54,215.04,209.23,211.64,2335863,494366881.07
2026-06-25,ENGINERSIN,212.56,214.82,203.42,205.85,1816217,373863954.51
2026-06-26,ENGINERSIN,204.78,208.08,204.7,207.53,1732039,359453551.32
2026-06-29,ENGINERSIN,207.88,208.74,202.92,205.63,1810112,372209226.54
2026-06-30,ENGINERSIN,206.99,209.18,206.69,207.85,1603028,333185434.12
2026-07-01,ENGINERSIN,207.36,209.97,204.64,205.86,999800,205818497.85
2026-07-02,ENGINERSIN,206.37,206.9,198.64,200.52,2058300,412725009.23
2026-07-03,ENGINERSIN,198.71,203.77,198.1,203.72,1065029,216963839.91
2026-07-06,ENGINERSIN,203.95,204.63,203.39,204.5,1706132,348900631.56
2026-07-07,ENGINERSIN,204.91,208.52,195.06,195.86,2311064,452649776.98
2026-07-08,ENGINERSIN,196.14,199.85,194.37,199.76,1448853,289422122.14
2026-07-09,ENGINERSIN,201.8,202.14,195.94,197.06,2401080,473166651.28
2026-07-10,ENGINERSIN,196.84,198.26,195.27,197.57,1776194,350924277.66
2026-07-13,ENGINERSIN,199.27,202.26,194.44,195.65,1719589,336433830.25
2026-07-14,ENGINERSIN,196.02,199.72,193.27,194.18,1094335,212496920.2
2026-07-15,ENGINERSIN,194.28,197.61,188.86,191.66,2224901,426421940.33
2026-07-16,ENGINERSIN,192.46,192.74,187.15,188.59,1830140,345137274.62
2026-07-17,ENGINERSIN,188.38,189.76,187.87,189.53,2205285,417971261.98
2026-07-20,ENGINERSIN,189.49,191.35,183.72,185.39,1359691,252070504.95
2026-07-21,ENGINERSIN,185.06,185.72,179.88,181.68,2353534,427584671.85
2026-07-22,ENGINERSIN,182.68,182.89,178.73,179.36,1607871,288387308.88
2026-07-23,ENGINERSIN,178.59,179.41,169.79,171.66,1714561,294312989.77
2026-07-24,ENGINERSIN,171.8,178.64,170.58,176.71,1788482,316049656.44
2026-07-27,ENGINERSIN,177.1,179.08,174.75,176.51,1061809,187424455.54
2026-07-28,ENGINERSIN,177.13,179.9,168.96,170.66,2275579,388344104.02
2026-07-29,ENGINERSIN,170.64,173.25,170.21,171.68,1216967,208931775.15
2026-07-30,ENGINERSIN,171.72,173.34,171.46,171.55,1575133,270216906.87
2026-07-31,ENGINERSIN,172.95,173.64,169.93,170.86,1478410,252602416.98
2026-08-03,ENGINERSIN,170.25,172.28,170.05,171.43,1529617,262215465.26
2026-08-04,ENGINERSIN,170.64,173.34,165.15,166.13,1550378,257562627.75
2026-08-05,ENGINERSIN,166.48,166.63,161.65,164.81,1386415,228492453.12
2026-08-06,ENGINERSIN,166.21,168.96,165.71,166.08,2118650,351859398.64
2026-08-07,ENGINERSIN,166.3,168.41,166.1,166.43,1075862,179059794.56
2026-08-10,ENGINERSIN,166.61,173.92,165.42,171.53,1658339,284454620.37
2026-08-11,ENGINERSIN,171.08,173.2,164.68,166.29,1888763,314087404.05
2026-08-12,ENGINERSIN,167.97,169.72,167.66,168.17,1542452,259394334.78
2026-08-13,ENGINERSIN,168.34,169.57,168.14,169.14,1924435,325492944.37
2026-08-14,ENGINERSIN,168.21,169.01,166.02,166.89,1892320,315818431.98
2026-08-17,ENGINERSIN,167.78,172.24,165.71,171.79,1869717,321202771.02
2026-08-18,ENGINERSIN,172.27,176.99,171.23,175.64,1585391,278461747.4
2026-08-19,ENGINERSIN,177.38,178.5,171.65,174.16,1191522,207509577.91
2026-08-20,ENGINERSIN,173.81,174.56,171.07,173.14,1723714,298449216.14
2026-08-21,ENGINERSIN,173.77,175.44,173.02,174.78,1879974,328589274.1
2026-08-24,ENGINERSIN,175.02,179.27,174.85,178.59,1988404,355105115.86
2026-08-25,ENGINERSIN,178.9,181.39,178.29,179.29,959791,172085500.4
2026-08-26,ENGINERSIN,179.97,180.12,174.48,176.09,1718595,302631959.15
2026-08-27,ENGINERSIN,176.72,179.49,176.47,178.72,2383741,426021509.73
2026-08-28,ENGINERSIN,179.84,182.51,179.1,182.07,945525,172155499.83
2026-08-31,ENGINERSIN,181.08,182.66,180.26,181.62,2119763,384988916.18
2026-09-01,ENGINERSIN,181.93,183.14,180.39,181.55,1377876,250153732.13
2026-09-02,ENGINERSIN,182.81,183.78,180.92,182.2,1685300,307055105.28
2026-09-03,ENGINERSIN,182.28,184.76,182.15,184.5,2122433,391587688.66
2026-09-04,ENGINERSIN,185.14,189.64,184.27,187.51,1216210,228049787.39
2026-09-07,ENGINERSIN,188.13,189.81,186.19,189.03,1596233,301737928.53
2026-09-08,ENGINERSIN,187.88,190.35,187.46,189.57,1624820,308018668.14
2026-09-09,ENGINERSIN,189.67,191.94,186.93,187.84,982286,184512510.14
2026-09-10,ENGINERSIN,187.35,191.41,187.06,189.68,1084851,205772617.68
2026-09-11,ENGINERSIN,189.07,194.67,188.44,193.07,1532274,295833895.74
2026-09-14,ENGINERSIN,193.12,195.19,189.12,191.62,951471,182318045.69
2026-09-16,ENGINERSIN,192.56,198.2,190.71,195.9,1717077,336381607.74
2026-09-17,ENGINERSIN,195.06,202.74,194.81,201.47,1884207,379619364.12
2026-09-18,ENGINERSIN,202.95,205.7,197.27,197.98,2136038,422889926.56
2026-09-21,ENGINERSIN,198.11,198.28,188.88,189.14,1315578,248822477.5
2026-09-22,ENGINERSIN,188.79,193.16,187.86,192.53,2366574,455642236.57
2026-09-23,ENGINERSIN,191.89,196.88,190.35,194.68,1257918,244889086.06
2026-09-24,ENGINERSIN,195.39,196.47,194.94,195.93,1796831,352048486.01
2026-09-25,ENGINERSIN,194.7,202.81,193.49,201.12,1656021,333050881.21
2026-09-28,ENGINERSIN,199.61,202.75,198.78,200.96,2296291,461472323.89
